1;1БАНК;ПАО;2896;10.06.1994 ;ОТЗ;362040, Республика Северная Осетия-Алания, г.Владикавказ, ул. Станиславского, 10
2;НКО;21 ВЕК;ООО;3309-К;26.02.1997 ;ОТЗ;197110, Санкт-Петербург, Песочная набережная, дом 40, литера А, помещение 26-Н
3;АБСОЛЮТ БАНК;ПАО;2306;22.04.1993 ;127051, г. Москва, Цветной бульвар, д. 18
4;АВАНГАРД;ПАО;2879;09.06.1994 ;115035, г. Москва, ул. Садовническая, д.12, стр. 1
5;АВЕРС;ООО;415;25.09.1990 ;420111, г.Казань, ул.Мусы Джалиля, д.3
6;АВТОГРАДБАНК;АО;1455;26.04.1991 ;423831, Республика Татарстан, г.Набережные Челны, проспект Хасана Туфана,43
7;АВТОКРЕДИТБАНК;ООО;1973;22.07.1992 ;420081, г.Казань, пр-т А. Камалеева, д.16а
8;АВТОТОРГБАНК;ООО;2776;05.04.1994 ;123007, г. Москва, 1-я Магистральная улица, д. 13, стр. 2
9;АГОРА;ООО;3231;14.03.1995 ;127549, г. Москва, ул. Пришвина, д. 8, корп. 2
10;АГРОИНКОМБАНК;ПАО;1946;06.07.1992 ;ОТЗ;414000, город Астрахань, пл. Ленина/ул. Бурова, 10/3, помещение 73
11;АГРОПРОМКРЕДИТ;АО;2880;09.06.1994 ;140083, Московская область, г. Лыткарино, 5-й микрорайон, квартал 2, д. 13
12;АГРОРОС;АО;2860;23.05.1994 ;410017, г.Саратов, ул.Чернышевского, 90
13;АГРОСОЮЗ;ООО;1459;17.05.1991 ;ОТЗ;101000, г. Москва, Уланский пер., д. 13, стр. 1
14;АДМИРАЛТЕЙСКИЙ;ООО;3054;17.08.1994 ;ОТЗ;119034, г. Москва, Лопухинский пер., д.6, стр.1
15;АЗИАТСКО-ТИХООКЕАНСКИЙ БАНК;ПАО;1810;14.02.1992 ;675000, Амурская обл., г. Благовещенск, ул.Амурская, 225
16;АЗИМУТ;ПАО;3154;14.11.1994 ;ОТЗ;125190, г. Москва, Ленинградский проспект, д.80/2, кор.5А
17;АЗИЯ-ИНВЕСТ БАНК;АО;3303;30.08.1996 ;119180, г. Москва, 2-й Казачий пер., д. 3, стр. 1
18;АЙВИ БАНК;АО;2055;11.09.1992 ;ОТЗ;125195, г.Москва, Ленинградское шоссе, д. 59
19;АЙМАНИБАНК;ООО;1975;27.07.1992 ;ОТЗ;125212, г.Москва, ул. Выборгская, д. 16, корп. 2
20;АЙСИБИСИ БАНК;АО;3475;30.08.2007 ;109028, г. Москва, Серебряническая наб., д. 29
21;АК БАРС;ПАО;2590;29.11.1993 ;420066, г.Казань, ул.Декабристов,1
22;АКАДЕМИЧЕСКИЙ РУССКИЙ БАНК;ООО;622;29.10.1990 ;ОТЗ;117447, г. Москва, улица Дмитрия Ульянова, дом 35, строение 1
23;АКИБАНК;ПАО;2587;25.11.1993 ;423818, Республика Татарстан, г.Набережные Челны, пр.Мира, д.88а
24;АКРОПОЛЬ;АО;3027;04.08.1994 ;123557, г. Москва, ул. Грузинский вал, д.10, стр. 4
25;АКСОНБАНК;ООО;680;01.11.1990 ;ОТЗ;156961, г. Кострома, пр-т Мира, 55
26;АКТИВ БАНК;ПАО;2529;14.10.1993 ;430005, Республика Мордовия, г. Саранск, ул. Б. Хмельницкого, д. 36А
27;АКТИВКАПИТАЛ БАНК;АО;3006;29.07.1994 ;ОТЗ;443001, г.Самара, ул. Вилоновская, д. 84
28;АКЦЕНТ;ПАО;696;02.11.1990 ;ОТЗ;462431, Оренбургская обл., г. Орск, просп. Ленина, 75а
29;АКЦЕПТ;АО;567;24.10.1990 ;630099, г. Новосибирск, ул.Советская, 14
30;АКЦИЯ;ОАО;927;30.10.1992 ;ОТЗ;153000, г.Иваново, ул.Ташкентская, 14
31;АЛДАНЗОЛОТОБАНК;АО;854;21.11.1990 ;ОТЗ;678900, Республика Саха (Якутия), г. Алдан, улица 10 лет Якутии ,31-а
32;АЛЕКСАНДРОВСКИЙ;ПАО;53;30.06.1992 ;191119, Санкт-Петербург, Загородный пр., 46, литер Б, корпус 2
33;АЛЕФ-БАНК;АО;2119;16.10.1992 ;117218, г. Москва, ул. Кржижановского, д. 21/33, корп. 1
34;АЛЖАН;ООО;2491;13.09.1993 ;ОТЗ;367013, Республика Дагестан, г.Махачкала, ул.Юсупова, 38
35;АЛМАЗЭРГИЭНБАНК;АО;2602;06.12.1993 ;677000, Республика Саха (Якутия), город. Якутск, проспект Ленина, 1
36;АЛТАЙКАПИТАЛБАНК;ООО;2659;21.01.1994 ;656043, Алтайский край, г.Барнаул, ул.Л.Толстого, 38а
37;АЛТЫНБАНК;ООО;2070;10.09.1992 ;420124, г.Казань, улица Фатыха Амирхана, д.15
38;АЛЬБА АЛЬЯНС;ООО;2593;03.12.1993 ;119019, г. Москва, Кремлевская набережная, д. 1, стр. 2
39;АЛЬТА-БАНК;ЗАО;2269;29.01.1993 ;ОТЗ;125047, г. Москва, ул. 2-ая Брестская, д. 30
40;АЛЬТЕРНАТИВА;ООО;3452;27.01.2005 ;107023, г. Москва, ул. Малая Семеновская, д. 11/2, стр. 3
41;АЛЬФА-БАНК;АО;1326;03.01.1991 ;107078, г. Москва, ул. Каланчевская, д. 27
42;АМБ БАНК;ПАО;3036;04.08.1994 ;ОТЗ;123242, г. Москва, Новинский бульвар, д. 31
43;АМЕРИКЭН ЭКСПРЕСС БАНК;ООО;3460;15.12.2005 ;119048, г. Москва, ул. Усачева, д. 33, стр. 1
44;АМТ БАНК;ООО;2820;10.05.1994 ;ОТЗ;129110, г.Москва, проспект Мира, д. 62, стр.1
45;АНДЖИБАНК;ОАО;570;24.10.1990 ;ОТЗ;367026, Республика Дагестан, г. Махачкала, пр. И.Шамиля, 10
46;АНКОР БАНК;АО;889;09.12.1992 ;ОТЗ;420101, г.Казань, ул. Братьев Касимовых, 47
47;АНТАЛБАНК;ООО;3115;10.10.1994 ;ОТЗ;109044, г. Москва, ул. Симоновский вал, д. 9
48;АПАБАНК;АО;2404;29.06.1993 ;ОТЗ;125047, г. Москва, 2-я Тверская-Ямская улица, дом 2
49;НКО;АРБ-ИНКАСС;ООО;3353-К;10.11.2000 ;ОТЗ;115114, г. Москва, ул. Дербеневская, д. 1, стр. 1, офис 43
50;АРЕСБАНК;ООО;2914;22.06.1994 ;123112, г. Москва, ул. Тестовская, д. 10
51;АРЗАМАС;АО;1281;24.12.1990 ;607220, Нижегородская область, г.Арзамас, улица Кирова, 33
52;АРКСБАНК;АО;1868;22.05.1992 ;ОТЗ;105064, г. Москва, ул. Казакова, дом 27
53;АРСЕНАЛ;ООО;3000;27.07.1994 ;ОТЗ;123557, г. Москва, ул. Пресненский Вал, д. 14, стр. 3
54;АРТ-БАНК;ООО;2779;06.04.1994 ;ОТЗ;362008,Республика Северная Осетия-Алания, г.Владикавказ, пр. Коста,93
55;АСКАНИЯ ТРАСТ;ООО;286;14.08.1992 ;ОТЗ;101000, г. Москва, ул. Покровка, д. 10, стр. 1
56;АСКОЛЬД;ОАО;2480;03.09.1993 ;ОТЗ;214000 г.Смоленск, ул. Докучаева, 5
57;АСПЕКТ;АО;608;26.10.1990 ;ОТЗ;129327, г. Москва, ул. Ленская, д. 28
58;АССОЦИАЦИЯ;АО;732;12.11.1990 ;ОТЗ;603000, г.Нижний Новгород, ул.М. Горького, 61
59;АФ БАНК;ОАО;991;28.11.1990 ;ОТЗ;450057, Республика Башкортостан, город Уфа, улица Октябрьской революции, 78
60;БАЙКАЛБАНК;ПАО;2632;24.12.1993 ;ОТЗ;670034, Республика Бурятия, г. Улан-Удэ, ул.Красноармейская,28
61;БАЙКАЛИНВЕСТБАНК;АО;1067;05.12.1990 ;109004, г. Москва, ул. Станиславского, д. 4, стр. 1
62;БАЙКАЛКРЕДОБАНК;ПАО;2990;20.07.1994 ;664025, Иркутская область, г. Иркутск, ул. Ленина, 18
63;БАЛАКОВО-БАНК;АО;444;08.10.1990 ;413857, Саратовская область, г.Балаково, ул.Факел Социализма, 21
64;БАЛТИКА;ПАО;967;27.11.1990 ;ОТЗ;121069, г.Москва, пер. Трубниковский, д. 13, стр. 1
65;БАЛТИНВЕСТБАНК;ПАО;3176;13.12.1994 ;197101, Санкт-Петербург, ул. Дивенская, дом 1, литера А
66;БАНК - Т;ОАО;625;30.10.1990 ;ОТЗ;123610, г. Москва, Краснопресненская наб., д. 12
67;БАНК "САНКТ-ПЕТЕРБУРГ";ПАО;436;03.10.1990 ;195112, Санкт-Петербург, Малоохтинский пр., д. 64, лит. А
68;БАНК "СКС";ООО;3224;01.03.1995 ;121069, г. Москва, ул.Поварская, д.23, стр.4
69;БАНК 131;ООО;3538;21.03.2019 ;420012, Республика Татарстан, г. Казань, ул. Некрасова, д. 38
70;БАНК БЕРЕЙТ;АО;3505;17.01.2012 ;187015, Ленинградская область, Тосненский район, г.п. Красный Бор, ул. Промышленная, д. 3, пом.II
71;БАНК БФТ;ООО;2273;22.02.1993 ;ОТЗ;115184, г. Москва, Руновский пер., д. 6, стр. 2
72;БАНК ГОРОД;АО;2644;06.01.1994 ;ОТЗ;115280, г.Москва, 1-й Автозаводский проезд, д. 4, корп. 1
73;БАНК ДОМ.РФ;АО;2312;23.04.1993 ;125009, г. Москва, ул. Воздвиженка, д. 10
74;БАНК ЖИЛИЩНОГО ФИНАНСИРОВАНИЯ;АО;3138;20.10.1994 ;121357, г. Москва, ул. Верейская, д. 29, стр. 134
75;БАНК ЗЕНИТ;ПАО;3255;22.06.1995 ;117638, г. Москва, Одесская ул., д. 2
76;БАНК ЗЕНИТ СОЧИ;АО;232;30.01.1990 ;354000, Краснодарский край, г. Сочи, ул. Навагинская, 14
77;БАНК ИННОВАЦИЙ И РАЗВИТИЯ;АО;2647;17.01.1994 ;ОТЗ;105318, г. Москва, ул.Ткацкая, дом 11, стр.1
78;БАНК ИНТЕЗА;АО;2216;31.12.1992 ;101000, г. Москва, Петроверигский пер., д. 2
79;БАНК КАЗАНИ;ООО;708;02.11.1990 ;420066, г.Казань, ул.Солдатская, д.1
80;БАНК КОРПОРАТИВНОГО ФИНАНСИРОВАНИЯ;ООО;2684;11.02.1994 ;123022, г. Москва, ул. Красная Пресня, д. 24
81;БАНК КРЕДИТ СВИСС (МОСКВА);АО;2494;13.09.1993 ;125047, г. Москва, ул. 1-я Тверская-Ямская, д. 21
82;БАНК МБФИ;ОАО;2073;10.09.1992 ;ОТЗ;105062, г. Москва, Подсосенский пер, д. 17
83;БАНК НА КРАСНЫХ ВОРОТАХ;АО;2472;26.08.1993 ;ОТЗ;105005, г. Москва, ул. Бауманская, д. 58/25, строение 1
84;БАНК ОРАНЖЕВЫЙ;ООО;1659;10.12.1991 ;190013, г. Санкт-Петербург, ул. Рузовская, д. 16, лит. А
85;БАНК ОРЕНБУРГ;АО;3269;22.09.1995 ;460024, Оренбургская область, г. Оренбург, ул. Маршала Г.К.Жукова, 25
86;БАНК ПРЕМЬЕР КРЕДИТ;ПАО;1663;16.12.1991 ;ОТЗ;111250, г.Москва, улица Солдатская, дом 8, корпус 1
87;БАНК ПСА ФИНАНС РУС;ООО;3481;13.03.2008 ;105120, г. Москва, 2-й Сыромятнический переулок, дом 1, 7 этаж
88;БАНК РАЗВИТИЯ БИЗНЕСА;ООО;1910;01.06.1992 ;ОТЗ;650000, Кемеровская область, г.Кемерово, проспект Советский, д.56
89;БАНК РАЗВИТИЯ РЕГИОНА;ОАО;3315;25.08.1997 ;ОТЗ;362019, Республика Северная Осетия-Алания, г.Владикавказ, ул. Шмулевича, 8а
90;БАНК РАЗВИТИЯ ТЕХНОЛОГИЙ;АО;3441;21.07.2003 ;ОТЗ;107045, г. Москва, Сретенский бульвар, д.7/1/8, стр.3
91;БАНК РАУНД;ООО;2506;21.09.1993 ;121609, г. Москва, ш. Рублевское, д. 28
92;БАНК РЕАЛИСТ;АО;2646;17.01.1994 ;109004, г. Москва, ул. Станиславского, дом 4, строение 1
93;БАНК РМП;ПАО;2574;12.11.1993 ;123557, г. Москва, ул. Климашкина, д. 21, стр. 1
94;БАНК РСИ;ООО;3415;28.05.2002 ;115184, г. Москва, ул. Малая Ордынка, д. 35, стр. 1, подъезд 2
95;БАНК СБЕРЕЖЕНИЙ И КРЕДИТА;ЗАО;2581;23.11.1993 ;ОТЗ;115054, г. Москва, ул. Новокузнецкая, д. 36/2, стр. 1
96;БАНК СГБ;ПАО;2816;29.04.1994 ;160001 г.Вологда, ул. Благовещенская д. 3
97;БАНК СТАНДАРТ-КРЕДИТ;ООО;841;20.11.1990 ;127051, г. Москва, Большой Каретный переулок, д.20, стр.2
98;БАНК ФИНАМ;АО;2799;19.04.1994 ;127006, г. Москва, Настасьинский переулок, дом 7, строение 2
99;БАНК ФИНИНВЕСТ;ООО;671;31.10.1990 ;ОТЗ;199226, г. Санкт-Петербург, улица Нахимова, дом 15, лит. Е.
100;БАНК ЧБРР;АО;3527;13.08.2014 ;295001, Республика Крым, г.Симферополь, ул.Большевистская, 24
101;БАНК24.РУ;ОАО;2227;19.11.1992 ;ОТЗ;125047, г.Москва, ул.Тверская-Ямская 1-я, д. 26
102;БАНКИРСКИЙ ДОМ;АО;2928;27.06.1994 ;ОТЗ;197046, Санкт-Петербург, ул. Малая Посадская, 16, литер А, пом.6Н
103;ББР БАНК;АО;2929;27.06.1994 ;121099, г. Москва, 1-й Николощеповский переулок, д. 6, стр. 1
104;БЕЛГОРОДСОЦБАНК;АО;760;31.10.1990 ;308000, Белгородская область, г. Белгород, Белгородский проспект, 73
105;БЕНИФИТ-БАНК;ЗАО;3229;14.03.1995 ;ОТЗ;125047, г. Москва, ул. 2-я Брестская, д. 32
106;БЕСТ ЭФФОРТС БАНК;ПАО;435;03.10.1990 ;127006, г. Москва, ул. Долгоруковская, д. 38, стр. 1
107;БИЗНЕС ДЛЯ БИЗНЕСА;ООО;1060;03.12.1990 ;ОТЗ;429060, Чувашская Республика, г.Ядрин, ул.Красноармейская, 5
108;БИЗНЕСБАНК;ООО;2862;25.05.1994 ;ОТЗ;367000, Республика Дагестан, г. Махачкала, ул. Радищева, д. 4
109;БИЗНЕС-СЕРВИС-ТРАСТ;АО;2883;10.06.1994 ;654041, Кемеровская область, г.Новокузнецк, ул.Кутузова, 31
110;БКС БАНК;АО;101;30.12.1991 ;129110, г. Москва, проспект Мира, д. 69, стр. 1
111;БМ-БАНК;АО;2748;15.03.1994 ;107996, г. Москва, ул. Рождественка, д. 8, стр. 1
112;БМВ БАНК;ООО;3482;17.03.2008 ;125212, г. Москва, Ленинградское шоссе, дом 39А, строение 1
113;БНП ПАРИБА БАНК;АО;3407;28.05.2002 ;125047, г. Москва, ул. Лесная, д. 5
114;БОГОРОДСКИЙ;ООО;1277;24.12.1990 ;ОТЗ;607600, Нижегородская область, г.Богородск, улица Ленина, 185
115;БОГОРОДСКИЙ МУНИЦИПАЛЬНЫЙ БАНК;ООО;2992;26.07.1994 ;ОТЗ;142400, Московская область, г.Ногинск, ул.Советская, д.45
116;БОРСКИЙ КОММЕРЧЕСКИЙ БАНК;ООО;1303;27.12.1990 ;ОТЗ;606440, Нижегородская область, г.Бор, улица Интернациональная, 23
117;БПФ;ЗАО;1677;24.12.1991 ;ОТЗ;125195, г. Москва, Ленинградское шоссе, д. 59
118;БРАТСКИЙ АНКБ;АО;1144;10.12.1990 ;665717, Иркутская область, г. Братск, ул. Комсомольская,43
119;БТФ;АО;1982;31.07.1992 ;ОТЗ;109012, г. Москва, ул. Никольская, д. 10
120;БУЗУЛУКБАНК;ОАО;1282;24.12.1990 ;ОТЗ;461050, Оренбургская область, г. Бузулук, ул. Спортивная, д. 17-а
121;БУЛГАР БАНК;АО;1917;12.06.1992 ;ОТЗ;150040, г. Ярославль, проспект Ленина, д. 37/73
122;БУМ-БАНК;ООО;1137;10.12.1990 ;ОТЗ;360000, Кабардино-Балкарская Республика, г.Нальчик, ул.Ногмова, д. 62
123;БУМЕРАНГ;АО;1002;28.11.1990 ;ОТЗ;162602, Вологодская обл., г.Череповец, ул. Коммунистов д. 22
124;БФГ-КРЕДИТ;ООО;3068;01.09.1994 ;ОТЗ;121165, г. Москва, Кутузовский проспект, д.35/30
125;БЫСТРОБАНК;ПАО;1745;02.04.1992 ;426008, Удмуртская Республика, г.Ижевск, ул.Пушкинская,268
126;БЭНК ОФ ЧАЙНА;АО;2309;23.04.1993 ;129110, г. Москва, Проспект Мира, д.72
127;ВАКОБАНК;АО;1291;26.12.1990 ;182110, Псковская область, г. Великие Луки, ул. К. Либкнехта, д. 15
128;ВАШ ЛИЧНЫЙ БАНК;АО;1222;18.12.1990 ;ОТЗ;666784, Иркутская область, г. Усть-Кут, ул. Кирова, 85а
129;ВВБ;ПАО;1093;05.12.1990 ;ОТЗ;299011, г. Севастополь, ул. 4-я Бастионная, д. 3а
130;ВЕБРР;ООО;3418;20.06.2002 ;ОТЗ;119017, г. Москва, ул. Большая Ордынка, д. 37/4, стр. 1
131;ВЕГА-БАНК;ООО;3270;22.09.1995 ;ОТЗ;105118, г. Москва, проспект Буденного, д. 32 "А"
132;ВЕК;АО;2299;16.04.1993 ;ОТЗ;123242, г. Москва, ул.Малая Грузинская, д.10 стр.1
133;ВЕЛИКИЕ ЛУКИ БАНК;АО;598;26.10.1990 ;182110, Псковская область, г. Великие Луки, ул. Комсомольская, д. 27-а
134;ВЕНЕЦ;АО;524;19.10.1990 ;432071, г. Ульяновск, ул. Марата, 19
135;НКО;ВЕСТ;ООО;2605-К;08.12.1993 ;ОТЗ;109044, г. Москва, ул. Воронцовская, д. 4, стр. 1
136;ВЕСТА;ООО;2368;01.06.1993 ;119071, г. Москва, Ленинский проспект, д. 15А
137;НКО;ВЕСТЕРН ЮНИОН ДП ВОСТОК;ООО;2726-С;01.03.1994 ;125171, г. Москва, Ленинградское шоссе, д. 16А, строение 1
138;ВЕСТИНТЕРБАНК;ООО;3398;06.02.2002 ;ОТЗ;123001, г. Москва, Вспольный переулок, д. 5, стр.1
139;ВЕФК-УРАЛ;ЗАО;2223;30.12.1992 ;ОТЗ;620075, г.Екатеринбург, ул. Восточная, 68
140;ВЗАИМОДЕЙСТВИЕ;ООО;1704;08.01.1992 ;ОТЗ;630102, г. Новосибирск, ул.Нижегородская, дом 6А
141;ВИКИНГ;АО;2;27.12.1991 ;191002, г. Санкт-Петербург, Владимирский пр. дом 17
142;ВИТАБАНК;ПАО;356;22.11.1991 ;195220, Санкт-Петербург, пр. Непокоренных,17, корп 4, литер В
143;ВИТАС;ООО;1955;14.07.1992 ;ОТЗ;129327, г. Москва, ул.Енисейская, д.22, корп.2
144;ВИТЯЗЬ;ООО;2890;10.06.1994 ;ОТЗ;129090, г. Москва, Ботанический переулок, д. 14, стр. 3
145;ВКАБАНК;АО;1027;29.11.1990 ;414000 г.Астрахань ул.Ленина 20
146;ВЛАДБИЗНЕСБАНК;АО;903;19.01.1993 ;600015, г.Владимир, пр-т Ленина,35
147;ВЛАДИМИРСКИЙ ПРОМЫШЛЕННЫЙ БАНК;ООО;870;21.11.1990 ;ОТЗ;600020, г.Владимир, ул. Большая Нижегородская, д.9
148;ВНЕШПРОМБАНК;ООО;3261;03.07.1995 ;ОТЗ;119991, г. Москва, Комсомольский проспект, д. 42, строение 1
149;ВНЕШФИНБАНК;ООО;3173;05.12.1994 ;350000, г. Краснодар, Центральный округ, ул. Коммунаров/ул. Гимназическая, дом № 61/42
150;ВОЗРОЖДЕНИЕ;ПАО;1439;12.04.1991 ;101000, г. Москва, Лучников переулок, д. 7/4, стр. 1
151;ВОЛГА-КРЕДИТ;ОАО;1153;11.12.1990 ;ОТЗ;443030, г.Самара, ул.Вилоновская, 138
152;ВОЛГО-КАМСКИЙ БАНК;ОАО;282;27.04.1990 ;ОТЗ;443096, город Самара, Ленинский район, проспект Карла Маркса, д.10
153;ВОЛЖСКИЙ СОЦИАЛЬНЫЙ БАНК;ООО;2428;21.07.1993 ;ОТЗ;443041, г.Самара, ул. Садовая, 175
154;ВОЛОГДАБАНК;АО;992;28.11.1990 ;ОТЗ;160001, г.Вологда, ул. Мира, д. 36
155;ВОЛОГЖАНИН;АО;1896;21.05.1992 ;160000, г. Вологда, ул. Козленская, д. 10
156;ВОРОНЕЖ;АО;654;31.10.1990 ;ОТЗ;394006, г. Воронеж, ул. Челюскинцев, 149
157;ВОСТОККРЕДИТБАНК;ОАО;922;30.11.1992 ;ОТЗ;675000, Амурская обл., г.Благовещенск, ул. Ленина, 108
158;ВОСТОЧНЫЙ;ПАО;1460;12.05.1991 ;675000, Амурская обл., г.Благовещенск, пер. Святителя Иннокентия, 1
159;ВОСТСИБТРАНСКОМБАНК;АО;2731;04.03.1994 ;ОТЗ;664025, Иркутская область, г. Иркутск, ул. Бурлова, 2
160;ВПБ;АО;3065;01.09.1994 ;ОТЗ;115477, г. Москва, ул. Кантемировская, д. 59 А
161;ВРБ;ООО;3499;03.12.2009 ;109147, г. Москва, ул. Воронцовская, д.23.
162;ВСЕРОССИЙСКИЙ БАНК РАЗВИТИЯ РЕГИОНОВ;АО;3287;27.03.1996 ;129594, г. Москва, Сущевский вал, дом 65, корп.1
163;ВТБ;ПАО;1000;17.10.1990 ;190000, г. Санкт-Петербург, ул. Большая Морская, 29
164;ВУЗ-БАНК;АО;1557;05.09.1991 ;620142,Свердловская область, город Екатеринбург, улица 8 Марта, дом 49, 4 этаж (часть помещения №32 на поэтажном плане четвертого этажа) , офис 432
165;ВЫБОРГ-БАНК;ПАО;720;06.11.1990 ;ОТЗ;188800 Ленинградская область, город Выборг, улица Пионерская, дом 2
166;ВЯТИЧ;ПАО;2796;19.04.1994 ;390046, г. Рязань, ул.Введенская, д.110
167;ГАГАРИНСКИЙ;АО;606;26.10.1990 ;ОТЗ;119361, г. Москва, 2-ой Очаковский пер., д.7
168;ГАЗБАНК;АО;2316;28.04.1993 ;ОТЗ;443100, г.Самара, ул.Молодогвардейская, д.224
169;ГАЗНЕФТЬБАНК;АО;3223;28.02.1995 ;410052, г.Саратов, пр-т 50 лет Октября, 118а
170;ГАЗПРОМБАНК;АО;354;23.01.1992 ;117420, г. Москва, ул. Наметкина, д. 16, корпус 1
171;ГАЗСТРОЙБАНК;АО;2919;24.06.1994 ;ОТЗ;115432, г. Москва, ул. Трофимова, д. 2/1
172;ГАЗТРАНСБАНК;ООО;665;31.10.1990 ;350015 г. Краснодар, ул.Северная, д. 321
173;ГАЗЭНЕРГОБАНК;АО;3252;19.05.1995 ;248030, г. Калуга, ул. Плеханова, 4
174;ГАРАНТ-ИНВЕСТ;АО;2576;12.11.1993 ;127051, г. Москва, 1-ый Колобовский переулок, д. 23
175;ГЕЛЕНДЖИК-БАНК;ПАО;790;14.11.1990 ;ОТЗ;353460, Краснодарский край, г. Геленджик, ул. Островского, 31
176;ГЕНБАНК;АО;2490;13.09.1993 ;295011, Республика Крым, г. Симферополь, ул. Севастопольская, д. 13
177;ГЕОБАНК;ООО;2027;27.08.1992 ;115230, город Москва, Каширское шоссе, дом 3, корпус 2, строение 9, комната № 11, этаж 2.
178;ГЕФЕСТ;ООО;1046;30.11.1990 ;171506, Тверская область, г.Кимры, ул.Урицкого, д. 19
179;НКО;ГЛОБАЛ ЭКСЧЕЙНДЖ;ООО;3533-К;09.03.2016 ;119530, г. Москва, Очаковское шоссе, д. 34, помещение IV - комната 11
180;ГЛОБУС;АО;2438;27.07.1993 ;115184, г. Москва, ул. Бахрушина, д. 10, стр.1
181;ГОЛДМАН САКС БАНК;ООО;3490;30.10.2008 ;125047, г. Москва, ул. Гашека, д. 6
182;ГОРБАНК;АО;2982;19.07.1994 ;191186, Санкт-Петербург, ул. Итальянская, 15
183;ГРИНКОМБАНК;АО;1184;14.12.1990 ;ОТЗ;664007, Иркутская область, г. Иркутск, ул. Франк-Каменецкого, д. 8
184;ГРИНФИЛДБАНК;АО;2711;24.02.1994 ;ОТЗ;107045, г. Москва, Малый Головин переулок, д.8
185;ГУТА-БАНК;АО;256;20.12.1991 ;107078, г. Москва, Орликов пер., д. 5, стр. 3
186;ДАГЭНЕРГОБАНК;ООО;3286;27.02.1996 ;ОТЗ;367000, Республика Дагестан, г.Махачкала, пр.Р.Гамзатова, 39 "А"
187;ДАЛЕНА;ООО;1948;08.07.1992 ;111024, г. Москва, Шоссе Энтузиастов, д. 17, стр. 1
188;ДАЛЕТБАНК;АО;3049;10.08.1994 ;ОТЗ;123100, г. Москва, Шмитовский проезд, д. 10/7
189;ДАЛЬНЕВОСТОЧНЫЙ БАНК;ПАО;843;20.11.1990 ;690990, г.Владивосток, ул. Верхнепортовая, 27-а
190;ДАНСКЕ БАНК;АО;3307;28.11.1996 ;АНН;191119, г. Санкт-Петербург, ул. Марата, 69-71, литер А
191;ДАТАБАНК;АО;646;30.10.1990 ;426076, Удмуртская Республика, г.Ижевск, ул. Ленина, 30
192;ДЕНИЗБАНК МОСКВА;АО;3330;15.06.1998 ;123022, г. Москва, ул. 2-я Звенигородская, д. 13, стр. 42
193;НКО;ДЕНЬГИ.МЭЙЛ.РУ;ООО;3511-К;02.08.2012 ;125167, г. Москва, Ленинградский проспект, д. 39, стр. 79
194;ДЕРЖАВА;ПАО;2738;05.03.1994 ;119435, г. Москва, Большой Саввинский переулок, д. 2, стр. 9
195;ДЖ.П. МОРГАН БАНК ИНТЕРНЕШНЛ;ООО;2629;26.10.1993 ;125047, г. Москва, ул. Бутырский Вал, дом 10
196;ДЖАСТ БАНК;ООО;3503;13.07.2011 ;ОТЗ;119180, г. Москва, ул. Большая Полянка, д. 54, стр. 1
197;ДЖЕЙ ЭНД ТИ БАНК;АО;3061;21.09.1994 ;115035, г. Москва, Кадашевская набережная, дом 26
198;ДИГ-БАНК;ОАО;2423;12.07.1993 ;ОТЗ;362003, Республика Северная Осетия-Алания, г. Владикавказ, ул.Нальчикская, 1 "А"
199;ДИЛ-БАНК;ООО;3384;05.11.2001 ;ОТЗ;125284, г. Москва, Ленинградский проспект, д. 31А, стр. 1
200;ДИНАМИЧНЫЕ СИСТЕМЫ;ООО;3439;08.07.2003 ;ОТЗ;109544, г. Москва, улица Рогожский Вал, дом 6, корп. 2
201;ДОЙЧЕ БАНК;ООО;3328;17.04.1998 ;115035, г. Москва, ул. Садовническая, д. 82, стр. 2
202;ДОЛИНСК;АО;857;21.11.1990 ;693010, Сахалинская область, г. Южно-Сахалинск, ул. Комсомольская, 145
203;ДОМ-БАНК;АО;3209;02.02.1995 ;142005, Московская область, г. Домодедово, ул. Советская, д. 19
204;ДОНИНВЕСТ;ООО;1617;06.11.1991 ;ОТЗ;344011, г. Ростов-на-Дону, пер. Халтуринский, 99
205;ДОНКОМБАНК;ПАО;492;17.10.1990 ;344068, г. Ростов-на-Дону, пр. Михаила Нагибина, 32а
206;ДОНСКОЙ ИНВЕСТИЦИОННЫЙ БАНК;ОАО;2984;19.07.1994 ;ОТЗ;347800, Ростовская область, г. Каменск-Шахтинский, пр. К.Маркса, 31/33
207;ДОН-ТЕКСБАНК;ООО;1818;21.02.1992 ;346500, Ростовская область, г. Шахты, пр. Красной Армии, 140
208;ДОНХЛЕББАНК;ПАО;2285;30.03.1993 ;ОТЗ;344082, г. Ростов-на-Дону, ул. Шаумяна, 36А
209;ДОРИС БАНК;ООО;1679;25.12.1991 ;ОТЗ;125009, Москва, Георгиевский переулок, д. 1, стр. 1
210;ДРУЖБА;ООО;990;28.11.1990 ;625048, Тюменская область, г. Тюмень, ул. Максима Горького, 68, корпус 2/1
211;ЕАТП БАНК;АО;1765;13.04.1992 ;414000 г.Астрахань ул.Ногина, 3
212;ЕВРАЗИЙСКИЙ БАНК;ПАО;969;27.11.1990 ;123317, г. Москва, Пресненская набережная, дом 8, строение 1
213;ЕВРОАЗИАТСКИЙ ИНВЕСТИЦИОННЫЙ БАНК;ООО;2897;10.06.1994 ;119021, г. Москва, Зубовский бульвар, д. 22/39
214;ЕВРОАКСИС БАНК;АО;3273;24.10.1995 ;ОТЗ;123104, г. Москва, Спиридоньевский переулок, д. 17, стр. 1
215;ЕВРОАЛЬЯНС;АО;1781;23.04.1992 ;153000, г.Иваново, ул.Станко, д.13
216;ЕВРОКАПИТАЛ-АЛЬЯНС;ООО;2672;28.01.1994 ;ОТЗ;152020, Ярославская область, г. Переславль-Залесский, ул.Советская, дом 33
217;ЕВРОКОММЕРЦ;ПАО;1777;20.04.1992 ;ОТЗ;127055, г. Москва, ул. Образцова, д. 4
218;ЕВРОКРЕДИТ;ООО;2957;04.07.1994 ;ОТЗ;105082, г. Москва, ул. Бакунинская, д.80, стр. 1
219;ЕВРОМЕТ;ПАО;2902;17.06.1994 ;ОТЗ;107031, г. Москва, ул. Неглинная, д.18/1, стр.1 А
220;ЕВРОПЕЙСКИЙ ИНДУСТРИАЛЬНЫЙ БАНК;ЗАО;2503;21.09.1993 ;ОТЗ;119049, г. Москва, ул. Коровий Вал, д. 9
221;ЕВРОПЕЙСКИЙ СТАНДАРТ;ООО;3200;16.01.1995 ;ОТЗ;109028, г. Москва, ул. Солянка, д. 13/3, строение 1
222;ЕВРОСИБ БАНК;ОАО;594;26.10.1990 ;ОТЗ;196247, г. Санкт-Петербург, пл. Конституции, д. 3, лит А, пом 7Н
223;ЕВРОСИТИБАНК;ПАО;1869;20.05.1992 ;ОТЗ;141002, Московская область, г. Мытищи, ул. Комарова, д. 5
224;ЕВРОТРАСТ;ЗАО;2968;15.07.1994 ;ОТЗ;115184, г. Москва, Средний Овчинниковский переулок, д.4, строение 1
225;ЕВРОФИНАНС МОСНАРБАНК;АО;2402;29.06.1993 ;121099, г. Москва, ул. Новый Арбат, 29
226;НКО;ЕДИНАЯ КАССА;ООО;3512-К;08.10.2012 ;121596, г. Москва, ул. Горбунова, д. 2, стр. 204
227;НКО;ЕДИНАЯ РАСЧЕТНАЯ ПАЛАТА;ООО;384-К;27.07.1992 ;141300, Московская область, Сергиево-Посадский муниципальный район, городское поселение Сергиев Посад, г. Сергиев Посад, проспект Красной Армии, д. 212а, пом. 1 (ком. 11)
228;ЕДИНСТВЕННЫЙ;ООО;3187;26.12.1994 ;ОТЗ;119992, г. Москва, Лужнецкая набережная, дом 8, строение 1
229;ЕКАТЕРИНБУРГ;ПАО;3161;25.11.1994 ;620014, г. Екатеринбург, ул. 8 Марта, 13
230;ЕКАТЕРИНИНСКИЙ;ПАО;2167;30.11.1992 ;ОТЗ;115035, г. Москва, Кадашевская набережная, д. 32/2, стр. 1
231;ЕНИСЕЙ;ПАО;474;12.10.1990 ;ОТЗ;660075, г. Красноярск, ул. Республики, дом 51
232;ЕНИСЕЙСКИЙ ОБЪЕДИНЕННЫЙ БАНК;АО;2645;06.01.1994 ;660049, г. Красноярск, ул. Карла Маркса, дом 62, пом. 25, 26, 27
233;ЕРМАК;АО;1809;17.02.1992 ;628624, Тюменская обл., Ханты-Мансийский автономный округ - Югра, г. Нижневартовск, ул. Мира, 68
234;ЖИВАГО БАНК;ООО;2065;08.09.1992 ;390000, г. Рязань, ул. Почтовая, д. 64
235;ЖИЛКРЕДИТ;ООО;1736;27.03.1992 ;ОТЗ;127006, г. Москва, ул. Краснопролетарская, д. 7
236;ЗАМОСКВОРЕЦКИЙ;ОАО;1640;02.12.1991 ;ОТЗ;119180, г. Москва, ул. Большая Полянка, д.42/2, стр.4
237;ЗАПАДНЫЙ;ОАО;2598;03.12.1993 ;ОТЗ;117292, г. Москва, ул. Профсоюзная, дом 8, корпус 1
238;ЗАПСИБКОМБАНК;ПАО;918;23.11.1990 ;625000, Тюменская область, г. Тюмень, ул. 8 Марта, 1
239;ЗАРЕЧЬЕ;АО;817;16.11.1990 ;420032, г.Казань, ул.Лукницкого, д.2
240;ЗАУБЕР БАНК;АО;1614;22.01.1992 ;197198, Россия, Санкт-Петербург, Большой Проспект П.С., д.25/2, лит.А, пом.9Н
241;ЗЕМЕЛЬНЫЙ;ООО;574;24.10.1990 ;344010, г. Ростов-на-Дону, ул. Малюгиной, 233б
242;ЗЕМСКИЙ БАНК;ООО;2900;16.06.1994 ;446001, Самарская обл., г.Сызрань, ул.Ульяновская, 79
243;ЗЕРНОБАНК;АО;2337;13.05.1993 ;ОТЗ;656056, Алтайский край, г.Барнаул, ул.Анатолия, 6
244;ЗИРААТ БАНК (МОСКВА);АО;2559;01.11.1993 ;109147, г. Москва, ул.Марксистская, д.16
245;ЗЛАТКОМБАНК;АО;568;24.10.1990 ;ОТЗ;119071, г. Москва, пр. Донской 2-й, д. 10, стр. 2
246;ИВАНОВО;АО;1763;13.04.1992 ;ОТЗ;153002, г.Иваново, просп. Ленина, д. 31-А
247;ИДЕЯ БАНК;ПАО;430;01.10.1990 ;ОТЗ;350080, г. Краснодар, ул. Уральская, 97
248;ИК БАНК;АО;1732;27.03.1992 ;420043, г.Казань, ул.Вишневского,24
249;ИКАНО БАНК;ООО;3519;02.04.2013 ;141400, Московская область, г. Химки, ул. Ленинградская, владение 39, стр. 6
250;ИМБАНК;ОАО;2098;30.09.1992 ;ОТЗ;367037, Республика Дагестан, г.Махачкала, ул. Ирчи-Казака, 35А
251;ИНБАНК;ООО;1829;27.02.1992 ;115184, г. Москва, переулок Старый Толмачёвский, д. 5
252;ИНВЕСТБАНК;ОАО;107;17.01.1991 ;ОТЗ;109240, г.Москва, ул. Гончарная, д. 12, стр. 1
253;ИНВЕСТИЦИОННЫЙ СОЮЗ;ООО;637;30.10.1990 ;ОТЗ;115230, г. Москва, Хлебозаводский проезд, д. 7, стр. 9
254;ИНВЕСТРАСТБАНК;АО;3128;19.10.1994 ;ОТЗ;107113, г. Москва, ул. Шумкина, д. 20, стр. 1
255;ИНВЕСТТОРГБАНК;ПАО;2763;28.03.1994 ;115054, г. Москва, ул. Дубининская, д. 45
256;ИНВЕСТ-ЭКОБАНК;ООО;1956;10.07.1992 ;ОТЗ;197101, Санкт-Петербург, ул. Мира, 30
257;ИНГ БАНК (ЕВРАЗИЯ);АО;2495;13.09.1993 ;127473, г. Москва, ул. Краснопролетарская, д. 36
258;ИНКАРОБАНК;АО;2696;15.02.1994 ;ОТЗ;125047, г. Москва, ул. 2-ая Брестская, д. 32
259;ИНКАСБАНК;ОАО;2685;11.02.1994 ;ОТЗ;199053, Санкт-Петербург, В.О., 2-я линия, 37
260;НКО;ИНКАХРАН;АО;3454-К;31.03.2005 ;115201, г. Москва, ул. Котляковская, д. 8
261;НКО;ИННОВАЦИОННЫЙ РАСЧЕТНЫЙ ЦЕНТР;АО;3447-К;19.11.2003 ;ОТЗ;121165, г. Москва, ул. Дунаевского, дом 4
262;ИНСТРОЙБАНК;ООО;2743;05.03.1994 ;ОТЗ;119330, г. Москва, ул. Дружбы, д. 10а
263;ИНТЕРАКТИВНЫЙ БАНК;ООО;3378;31.07.2001 ;ОТЗ;119146, г. Москва, Комсомольский проспект. д.32
264;ИНТЕРКАПИТАЛ-БАНК;ООО;2706;21.02.1994 ;ОТЗ;430005, Республика Мордовия, город Саранск, ул. Ботевградская, д. 18, помещение 1
265;ИНТЕРКОММЕРЦ;ООО;1657;10.12.1991 ;ОТЗ;119435, г. Москва, Большой Саввинский пер., д. 2-4-6, стр. 10
266;ИНТЕРКООПБАНК;ПАО;2803;22.04.1994 ;ОТЗ;109028, г. Москва, Серебрянический переулок, дом 3, строение 1
267;ИНТЕРКРЕДИТ;АО;3047;10.08.1994 ;ОТЗ;115583, г. Москва, ул.Генерала Белова, д.26
268;ИНТЕРПРОГРЕССБАНК;АО;600;26.10.1990 ;115201, г. Москва, Старокаширское шоссе, дом 2, корпус 1, строение 1
269;ИНТЕРПРОМБАНК;АО;3266;11.08.1995 ;119019, г. Москва, Гоголевский б-р, дом 9, стр. 1
270;ИНТЕХБАНК;ПАО;2705;21.02.1994 ;ОТЗ;420021, г.Казань, ул.Шигабутдина Марджани, д.24
271;ИНТРАСТБАНК;ОАО;3144;20.10.1994 ;ОТЗ;115054, г. Москва, 5-й Монетчиковский переулок, д. 3, стр. 1
272;ИНФОРМПРОГРЕСС;ООО;2166;24.11.1992 ;ОТЗ;109012, г. Москва, ул. Никольская, д.19-21/1
273;НКО;ИНЭКО;ООО;3520-К;29.05.2013 ;153000, г. Иваново, пр-т Шереметевский, д. 47А
274;ИПОТЕК БАНК;ЗАО;2794;19.04.1994 ;ОТЗ;107023, г. Москва, ул. Электрозаводская, дом 20, строение 11
275;ИРС;АО;272;01.12.1992 ;127422, г. Москва, ул.Тимирязевская, д.26
276;ИС БАНК;АО;3175;05.12.1994 ;107031, г. Москва, Дмитровский пер., д. 7
277;ИСТКОМ-ФИНАНС;ООО;3435;23.04.2003 ;ОТЗ;105005, г. Москва, ул. Бауманская, д. 21
278;ИТ БАНК;АО;2609;13.12.1993 ;644024, город Омск, улица Думская, дом 7
279;ИТУРУП;ООО;2390;18.06.1993 ;693000, Сахалинская область, г. Южно-Сахалинск, Коммунистический проспект, 32
280;ИШБАНК;АО;2867;01.06.1994 ;117420, г. Москва, ул. Наметкина, д. 13 Д
281;ЙОШКАР-ОЛА;ПАО;2802;22.04.1994 ;424006, Республика Марий Эл, г.Йошкар-Ола, ул. Панфилова, д.39 г
282;КАЛУГА;ООО;1151;11.12.1990 ;248001, г. Калуга, ул. Суворова, д.147
283;КАМСКИЙ ГОРИЗОНТ;ООО;2554;29.10.1993 ;ОТЗ;423834, Республика Татарстан, г.Набережные Челны, Московский проспект, д.120
284;КАМСКИЙ КОММЕРЧЕСКИЙ БАНК;ООО;438;24.03.1992 ;423800, Республика Татарстан, город Набережные Челны, улица Гидростроителей, дом 21
285;КАМЧАТКА;ООО;2966;12.07.1994 ;ОТЗ;683024, Камчатский край, г.Петропавловск-Камчатский, пр.50 лет Октября,1/2
286;КАМЧАТКОМАГРОПРОМБАНК;ПАО;545;22.10.1990 ;ОТЗ;683031, г.Петропавловск-Камчатский,проспект Карла Маркса, дом 23
287;КАНСКИЙ;ООО;860;21.11.1990 ;ОТЗ;662520, Красноярский край, Березовский р-н, п. Березовка, 5 км а/д Красноярск-Железногорск
288;КАПИТАЛ;АО;575;24.10.1990 ;119334, г. Москва, 5-й Донской проезд, д. 21Б, стр. 10
289;КАПИТАЛБАНК;ПАО;2547;25.10.1993 ;ОТЗ;344011, г. Ростов-на-Дону, пер. Доломановский, 70 "д"
290;КЕМСОЦИНБАНК;АО;96;04.09.1991 ;ОТЗ;650000, Кемеровская область, г.Кемерово, Центральный район, ул.Дзержинского, дом № 12
291;КЕТОВСКИЙ КОММЕРЧЕСКИЙ БАНК;ООО;842;20.11.1990 ;640002, г. Курган, ул. К. Мяготина, д. 124а
292;КИВИ БАНК;АО;2241;21.01.1993 ;117648, г. Москва, мкр. Чертаново Северное, д. 1А, корп. 1
293;КЛАССИК ЭКОНОМ БАНК;АО;3298;24.07.1996 ;362025, Республика Северная Осетия - Алания , г.Владикавказ, ул. Фрунзе,24
294;КЛИЕНТСКИЙ;АО;2324;29.04.1993 ;ОТЗ;119526, г. Москва, проспект Вернадского, 97, корп. 3
295;КОЛЬЦО УРАЛА;ООО;65;14.02.1991 ;620075, Свердловская область, Екатеринбург,ул. Горького, д. 7
296;КОММЕРЦБАНК (ЕВРАЗИЯ);АО;3333;10.12.1998 ;119017, г. Москва, Кадашевская набережная, д. 14/2
297;КОММЕРЧЕСКИЙ БАНК РАЗВИТИЯ;ООО;3364;11.04.2001 ;ОТЗ;111250, г. Москва, ул. Госпитальная, дом 10, строение 1
298;КОММЕРЧЕСКИЙ ИНДО БАНК;ООО;3446;05.11.2003 ;109147, г. Москва, Марксистская ул., д. 16
299;КОМПАНИЯ РОЗНИЧНОГО КРЕДИТОВАНИЯ;ОАО;3385;05.11.2001 ;ОТЗ;123242, г. Москва, Новинский бульвар, дом 31
300;КОНСЕРВАТИВНЫЙ КОММЕРЧЕСКИЙ БАНК;АО;1087;05.12.1990 ;414040, г. Астрахань, ул. Адмиралтейская, 47
301;КОНСТАНС-БАНК;АО;2228;11.01.1993 ;ОТЗ;190000, Санкт-Петербург, ул. Большая Морская, д.55, литера "А"
302;КОНТИНЕНТАЛЬ;ООО;3184;26.12.1994 ;357433, Ставропольский край, г. Железноводск, пос. Иноземцево, ул. Гагарина, 209
303;КОНФИДЭНС БАНК;ООО;970;27.11.1990 ;ОТЗ;156000, г. Кострома, пр. Мира, д. 113
304;КОР;АО;2148;04.11.1992 ;ОТЗ;400087, г. Волгоград, ул. Невская, 3
305;КОСМОС;АО;2245;25.01.1993 ;123317, г. Москва, Красногвардейский бульвар, д.7, стр.1
306;КОСТРОМАСЕЛЬКОМБАНК;ООО;1115;07.12.1990 ;156013, г. Кострома, ул.Калиновская, 36
307;КОШЕЛЕВ-БАНК;АО;3300;30.07.1996 ;443100, г. Самара, ул. Маяковского, д. 14
308;КРАНБАНК;АО;2271;28.01.1993 ;ОТЗ;153000, г.Иваново, пр.Шереметевский, д.53
309;НКО;КРАСНОЯРСКИЙ КРАЕВОЙ РАСЧЕТНЫЙ ЦЕНТР;ООО;3483-К;19.05.2008 ;660017, г. Красноярск, ул. Обороны, д. 3, офис 333
310;КРЕДИ АГРИКОЛЬ КИБ;АО;1680;24.12.1991 ;191144, г. Санкт-Петербург, Дегтярный переулок, д. 11, лит. Б
311;КРЕДИТ ЕВРОПА БАНК;АО;3311;23.05.1997 ;129090, г. Москва, Олимпийский проспект, дом 14
312;КРЕДИТ УРАЛ БАНК;АО;2584;25.11.1993 ;455044, Челябинская область, г.Магнитогорск, ул.Гагарина, 17
313;КРЕДИТ ЭКСПРЕСС;ООО;3186;26.12.1994 ;ОТЗ;344002, г. Ростов-на-Дону, ул. М. Горького, 92/63
314;КРЕДИТБАНК;ОАО;1035;29.11.1990 ;ОТЗ;358000, Республика Калмыкия, г. Элиста, ул. Нейман, 3а
315;КРЕДИТИМПЭКС БАНК;ООО;2037;28.08.1992 ;ОТЗ;119002, г. Москва, ул. Арбат, д. 54/2, стр. 1
316;КРЕДИТИНВЕСТ;ООО;1197;14.12.1990 ;ОТЗ;368120, Республика Дагестан, г. Кизилюрт, Площадь Героев, д. 1.
317;КРЕДИТ-МОСКВА;ПАО;5;09.04.1991 ;ОТЗ;115054, г. Москва, 6-й Монетчиковский пер., д. 8, стр. 1
318;КРЕДО ФИНАНС;ООО;793;14.11.1990 ;ОТЗ;367029, Республика Дагестан, г. Махачкала, ул.С.М. Абубакарова, 115
319;КРЕДПРОМБАНК;АО;1165;12.12.1990 ;ОТЗ;150000, г.Ярославль, ул.Первомайская, д.25/26
320;КРЕМЛЕВСКИЙ;ООО;2905;21.06.1994 ;121099, г. Москва, пер. Николощеповский 1-й, д.6. стр. 1
321;КРОКУС-БАНК;ООО;2682;11.02.1994 ;143401, Московская область, Красногорский район, г. Красногорск, ул. Международная, д. 18
322;КРОНА-БАНК;ООО;2499;17.09.1993 ;664007, Иркутская область, г. Иркутск, ул.Дзержинского,29
323;КРОСНА-БАНК;АО;2607;08.12.1993 ;123557, г. Москва, Пресненский Вал, д. 27
324;КРОССИНВЕСТБАНК;ОАО;2849;17.05.1994 ;ОТЗ;117105, г. Москва, Новоданиловская наб., д. 4а
325;КРЫЛОВСКИЙ;АО;456;10.10.1990 ;ОТЗ;350059, г. Краснодар, Центральный округ, ул. 9-го Мая, дом № 46а
326;КС БАНК;ПАО;1752;13.04.1992 ;430005, Республика Мордовия, город Саранск, улица Демократическая, дом 30
327;КУБАНСКИЙ УНИВЕРСАЛЬНЫЙ БАНК;ООО;2898;10.06.1994 ;ОТЗ;350063, г. Краснодар, ул. Пушкина, 36
328;КУБАНЬ КРЕДИТ;ООО;2518;28.09.1993 ;350000, г. Краснодар, ул. им. Орджоникидзе, дом № 46 / ул. Красноармейская, дом № 32
329;КУБАНЬТОРГБАНК;АО;478;15.10.1990 ;350075, г. Краснодар, ул. им. Стасова, дом 176
330;КУЗБАССХИМБАНК;ПАО;2868;03.06.1994 ;650040, Кемеровская область, г.Кемерово, ул. Юрия Двужильного, 12
331;КУЗНЕЦКБИЗНЕСБАНК;АО;1158;12.12.1990 ;654080, Кемеровская область, г.Новокузнецк, ул.Кирова, 89 "Б"
332;КУЗНЕЦКИЙ;ПАО;609;26.10.1990 ;440000, г. Пенза, ул. Красная, 104
333;КУЗНЕЦКИЙ МОСТ;АО;2254;29.01.1993 ;115054, г. Москва, ул. Малая Пионерская, д. 37, стр.1
334;КУРГАН;ООО;2568;09.11.1993 ;640000, г.Курган, ул.Гоголя, дом № 78
335;КУРСКПРОМБАНК;ПАО;735;12.11.1990 ;305000, г.Курск, ул.Ленина, 13
336;КУТУЗОВСКИЙ;ООО;3190;30.12.1994 ;ОТЗ;121165, г. Москва, ул.Студенческая, д.44/28
337;КЭБ ЭЙЧЭНБИ БАНК;ООО;3525;06.06.2014 ;123317, г. Москва, ул. Тестовская, д.10
338;ЛАДА-КРЕДИТ;ЗАО;2668;28.01.1994 ;ОТЗ;117630, г.Москва, ул.Обручева, д. 23
339;ЛАЙТБАНК;ООО;3177;13.12.1994 ;ОТЗ;107078, г. Москва, ул. Новая Басманная, д. 22/2, строение 5,6,7
340;ЛАНТА-БАНК;АО;1920;24.06.1992 ;115184, г. Москва, ул. Новокузнецкая, д. 9, стр. 2
341;ЛЕВОБЕРЕЖНЫЙ;ПАО;1343;17.01.1991 ;630102, г. Новосибирск, ул. Кирова, д. 48
342;ЛЕГИОН;АО;3117;10.10.1994 ;ОТЗ;107497, г. Москва, ул. Иркутская, д. 11, корпус 1
343;ЛЕНОБЛБАНК;ООО;1003;28.11.1990 ;ОТЗ;188640, Ленинградская область, Всеволожский район, г.Всеволожск, шоссе Дорога Жизни, д.24/85
344;ЛЕСБАНК;ОАО;1598;25.10.1991 ;ОТЗ;107031, г. Москва, Дмитровский пер., д.3, стр.4
345;НКО;ЛИДЕР;АО;3304-К;05.09.1996 ;ОТЗ;127015, г. Москва, ул. Бутырская, д. 77
346;ЛИНК-БАНК;ОАО;2699;18.02.1994 ;ОТЗ;127434, г. Москва, Дмитровское шоссе, д.7, корп.2
347;ЛИПЕЦКИЙ ОБЛАСТНОЙ БАНК;ОАО;1794;18.05.1992 ;ОТЗ;398050, г.Липецк, пл. Плеханова,1
348;ЛОКО-БАНК;АО;2707;21.02.1994 ;125167, г. Москва, Ленинградский просп., д. 39, строен. 80
349;НКО;ЛЭНД КРЕДИТ;ООО;1478-Д;17.06.1991 ;125130, г. Москва, 6-ой Новоподмосковный пер., д.4
350;М2М ПРАЙВЕТ БАНК;ПАО;1414;21.03.1991 ;ОТЗ;125009, г. Москва, Леонтьевский переулок, д. 21/1, стр. 1
351;МАЙКОПБАНК;АО;1136;10.12.1990 ;385000, Республика Адыгея, г.Майкоп, ул.Пионерская, 276
352;МАЙСКИЙ;ООО;1673;18.12.1991 ;361115, Кабардино - Балкарская Республика, город Майский, улица Ленина, 23
353;МАКСИМА;ООО;3379;31.07.2001 ;105118, г. Москва, ул. Вольная, д.13
354;МАКСИМУМ;ОАО;466;11.10.1990 ;ОТЗ;347382, Ростовская область, г. Волгодонск, ул. Черникова, 3
355;МАСТ-БАНК;ОАО;3267;18.08.1995 ;ОТЗ;107014, г. Москва, ул. Бабаевская, д. 6
356;МАСТЕР-БАНК;ОАО;2176;02.12.1992 ;ОТЗ;115184, г. Москва, Руновский пер., д.12
357;МАСТЕР-КАПИТАЛ;ОАО;3011;03.08.1994 ;ОТЗ;105120, г. Москва, ул.Нижняя Сыромятническая, д.1/4
358;МБА-МОСКВА;ООО;3395;24.01.2002 ;123022, г. Москва, ул. Рочдельская, д. 14, стр. 1
359;МБР-БАНК;АО;2620;21.12.1993 ;ОТЗ;115184, г. Москва, ул. Большая Ордынка, д. 59, строение 2
360;МВС БАНК;ООО;2407;05.07.1993 ;368502, Республика Дагестан, г. Избербаш, ул. Маяковского, 139 "б"
361;МГМБ;ООО;3192;30.12.1994 ;ОТЗ;367000, Республика Дагестан, г. Махачкала, ул. М. Горького, д. 23
362;МЕГАПОЛИС;ООО;3265;09.08.1995 ;428032, Чувашская Республика-Чувашия, г.Чебоксары, ул.Ярославская, дом 23
363;НКО;МЕЖБАНКОВСКИЙ КРЕДИТНЫЙ СОЮЗ;ООО;3242-К;22.03.1995 ;125252, г. Москва, проезд Березовой Рощи, д. 12
364;МЕЖДУНАРОДНЫЙ АКЦИОНЕРНЫЙ БАНК;ЗАО;1987;04.08.1992 ;ОТЗ;125167, г. Москва, Ленинградский проспект, д. 37, корп.12
365;МЕЖДУНАРОДНЫЙ БАНК РАЗВИТИЯ;АО;2704;21.02.1994 ;ОТЗ;123610, г. Москва, Краснопресненская набережная, дом 12
366;МЕЖДУНАРОДНЫЙ БАНК САНКТ-ПЕТЕРБУРГА;АО;197;11.12.1991 ;ОТЗ;194044, Санкт-Петербург, Крапивный пер., 5
367;МЕЖДУНАРОДНЫЙ ПРОМЫШЛЕННЫЙ БАНК;ЗАО;2056;11.09.1992 ;ОТЗ;125009, г. Москва, ул. Большая Дмитровка, д. 23, стр.1
368;МЕЖДУНАРОДНЫЙ РАСЧЕТНЫЙ БАНК;ООО;3028;04.08.1994 ;ОТЗ;129366, г. Москва, ул. Космонавтов, д. 8
369;МЕЖДУНАРОДНЫЙ СТРОИТЕЛЬНЫЙ БАНК;ООО;3484;29.05.2008 ;ОТЗ;105005, г. Москва, улица Бауманская, дом 21
370;МЕЖДУНАРОДНЫЙ ТОРГОВО-ПРОМЫШЛЕННЫЙ БАНК;ОАО;1203;14.12.1990 ;ОТЗ;170001, г.Тверь, ул. Спартака, д.47
371;МЕЖДУНАРОДНЫЙ ФИНАНСОВЫЙ КЛУБ;АО;2618;20.12.1993 ;123112, г. Москва, Пресненская набережная, дом 10
372;МЕЖДУНАРОДНЫЙ ФОНДОВЫЙ БАНК;ООО;3163;01.12.1994 ;ОТЗ;115184, г. Москва, ул. Большая Татарская, д. 38/1, строение 1
373;МЕЖОТРАСЛЕВАЯ БАНКОВСКАЯ КОРПОРАЦИЯ;ООО;3471;16.04.2007 ;ОТЗ;121165, г. Москва, Кутузовский проспект, дом 30
374;МЕЖРЕГИОНБАНК;ООО;1059;03.12.1990 ;ОТЗ;109341, г. Москва, ул. Люблинская, д. 151
375;МЕЖТОПЭНЕРГОБАНК;ПАО;2956;04.07.1994 ;ОТЗ;107078, г. Москва, ул.Садовая-Черногрязская, д.6
376;МЕЖТРАСТБАНК;ООО;2493;08.09.1993 ;ОТЗ;127055, г. Москва, ул. Образцова, д. 7
377;МЕРСЕДЕС-БЕНЦ БАНК РУС;ООО;3473;19.07.2007 ;125167, г. Москва, Ленинградский проспект, д. 39 а
378;МЕТАЛЛИНВЕСТБАНК;ПАО;2440;02.08.1993 ;119180, г. Москва, ул. Большая Полянка, д. 47, строение 2
379;МЕТАЛЛУРГ;ООО;2877;09.06.1994 ;117292, г. Москва, ул. Ивана Бабушкина, дом 16А
380;МЕТКОМБАНК;ПАО;2443;02.08.1993 ;623406, Свердловская обл., г. Каменск-Уральский, ул. Октябрьская, 36
381;МЕТРОБАНК;АО;2548;29.10.1993 ;ОТЗ;121151, г. Москва, ул. Можайский вал, д. 8Б
382;МЕТРОПОЛЬ;ООО;1639;02.12.1991 ;ОТЗ;119049, г. Москва, ул.Донская, д.7, стр.3
383;МЗБ;ЗАО;2475;26.08.1993 ;ОТЗ;119019, г. Москва, Большой Знаменский переулок, дом 4
384;МИ-БАНК;ОАО;2742;05.03.1994 ;ОТЗ;119899, г. Москва, Ленинские Горы, МГУ, д. 1, стр. 58
385;МИДЗУХО БАНК (МОСКВА);АО;3337;15.01.1999 ;115035, г. Москва, Овчинниковская набережная, дом 20, строение 1
386;МИКО-БАНК;ООО;3195;30.12.1994 ;ОТЗ;115487, г. Москва, ул. Нагатинская, д. 22, корп. 1
387;МИЛБАНК;ООО;3256;27.06.1995 ;ОТЗ;127055, г. Москва, ул. Новослободская, д. 20
388;МИЛЛЕНИУМ БАНК;ЗАО;3423;13.11.2002 ;ОТЗ;129090, г. Москва, Протопоповский переулок, дом 19, строение 10
389;МИР БИЗНЕС БАНК;АО;3396;30.01.2002 ;105062, г. Москва, ул. Машкова, д. 9/1
390;МИРА-БАНК;ЗАО;3361;14.03.2001 ;ОТЗ;119071, г.Москва, Ленинский проспект, дом 29, строение 8
391;МИРАФ-БАНК;АО;2244;19.01.1993 ;ОТЗ;644043, город Омск, улица Фрунзе, дом 54
392;МИРЪ;АО;3089;06.09.1994 ;ОТЗ;125252, г. Москва, ул. Авиаконструктора Микояна, д. 12
393;МКБ;ПАО;2524;05.10.1993 ;115280, г. Москва, Пересветов переулок, д. 2/3, подъезды №1,2
394;НКО;МОБИ.ДЕНЬГИ;ООО;3523-К;22.10.2013 ;125009, г. Москва, пер. Гнездниковский Б., д. 7
395;МОБИЛБАНК;ОАО;532;19.10.1990 ;ОТЗ;426000, Удмуртская Республика, г.Ижевск, ул.Свободы, 173
396;НКО;МОБИЛЬНАЯ КАРТА;ООО;3522-К;30.07.2013 ;191024, г. Санкт-Петербург, ул. 2-я Советская, д.27/2, литер А, помещение 62-Н
397;МОДУЛЬБАНК;АО;1927;23.06.1992 ;156005, г. Кострома, пл. Октябрьская, д. 1
398;МОЙ БАНК. ИПОТЕКА;ОАО;2436;26.07.1993 ;ОТЗ;450098, Республика Башкортостан, г. Уфа, Проспект Октября, 132/3
399;НКО;МОНЕТА;ООО;3508-К;04.06.2012 ;424000, г. Йошкар-Ола, ул. Гоголя, д. 2, строение "А"
400;МОНОЛИТ;ООО;1967;24.07.1992 ;ОТЗ;105005, г. Москва, ул. Радио, д. 7, стр. 1
401;МОРГАН СТЭНЛИ БАНК;ООО;3456;08.06.2005 ;125047, г. Москва, 1-я Тверская-Ямская ул., д. 21
402;МОРСКОЙ БАНК;АО;77;19.08.1992 ;117105, г. Москва, Варшавское шоссе, дом 1, строение 1-2
403;МОСВОДОКАНАЛБАНК;ОАО;2863;25.05.1994 ;ОТЗ;105062, г. Москва, Подсосенский переулок, д. 23, стр. 2
404;МОСКВА;ПАО;1661;16.12.1991 ;ОТЗ;121019, г. Москва, Малый Знаменский переулок, дом 3-5/3/6, строение 9
405;МОСКВА-СИТИ;АО;3247;11.04.1995 ;115114, г. Москва, 2-й Кожевнический переулок, д. 7
406;МОСКОВСКИЙ ВЕКСЕЛЬНЫЙ БАНК;АО;2697;16.02.1994 ;ОТЗ;127238, г. Москва, Ильменский проезд, д. 10
407;МОСКОВСКИЙ ИНДУСТРИАЛЬНЫЙ БАНК;ПАО;912;22.11.1990 ;115419, г. Москва, ул.Орджоникидзе, д.5
408;МОСКОВСКИЙ КОММЕРЧЕСКИЙ БАНК;АО;3172;05.12.1994 ;119146, г. Москва, 1-я Фрунзенская ул. д.5
409;МОСКОВСКИЙ КРЕДИТНЫЙ БАНК;ПАО;1978;05.08.1992 ;107045, г. Москва, Луков переулок, д. 2, стр. 1
410;МОСКОВСКИЙ НЕФТЕХИМИЧЕСКИЙ БАНК;ПАО;1411;15.03.1991 ;121069, г. Москва, ул. Большая Никитская, д.49
411;МОСКОВСКИЙ ОБЛАСТНОЙ БАНК;ПАО;1751;09.04.1992 ;107023, г. Москва, ул. Большая Семеновская, д. 32, стр. 1
412;МОСКОВСКОЕ ИПОТЕЧНОЕ АГЕНТСТВО;АО;3344;20.01.2000 ;107045, г. Москва, Селивёрстов переулок, дом 4, стр. 1
413;МОСКОММЕРЦБАНК;АО;3365;11.04.2001 ;119017, г. Москва, ул. Малая Ордынка, д. 20, стр. 1
414;МОССТРОЙЭКОНОМБАНК;ЗАО;948;23.11.1990 ;ОТЗ;117393, г. Москва, ул. Профсоюзная, д. 78, стр. 1
415;МОСТРАНСБАНК;ОАО;2258;29.01.1993 ;ОТЗ;111033, г. Москва, ул. Волочаевская, д. 9, стр. 9
416;МОСУРАЛБАНК;АО;2468;24.08.1993 ;ОТЗ;115035, г. Москва, Раушская наб., д. 22, стр. 2
417;МС БАНК РУС;АО;2789;13.04.1994 ;117485, г. Москва, ул. Обручева, дом 30/1, строение 2
418;МСКБ;АО;2722;25.02.1994 ;183032, г. Мурманск, пр. Ленина, д. 12
419;МСП БАНК;АО;3340;07.07.1999 ;115035, г. Москва, ул. Садовническая, д. 79
420;МТИ БАНК;АО;1052;03.12.1990 ;119049, г. Москва, ул. Мытная, д. 1, стр. 1, этаж 2, помещение I
421;МТС-БАНК;ПАО;2268;29.01.1993 ;115432, г. Москва, проспект Андропова, д. 18, корп.1
422;МУЛЬТИБАНК;ОАО;2235;10.01.1993 ;ОТЗ;115114, г. Москва, ул. Кожевническая, д. 14, корпус 1, строение 2
423;МУНИЦИПАЛЬНЫЙ КАМЧАТПРОФИТБАНК;АО;2103;04.09.1992 ;683032, Камчатский край, г.Петропавловск-Камчатский, ул. Артиллерийская, д. 5, корп. 1
424;НКО;МУРМАНСКИЙ РАСЧЕТНЫЙ ЦЕНТР;ООО;3341-К;08.07.1999 ;183071, г. Мурманск, ул. Старостина, 21
425;МФТ-БАНК;ОАО;3356;20.12.2000 ;ОТЗ;129515, г. Москва, ул. Кондратюка, д. 3
426;НАВИГАТОР;ОАО;2469;24.08.1993 ;ОТЗ;119421, г. Москва, ул. Новаторов, д. 7А, корп. 2
427;НАЛЬЧИК;ООО;695;02.11.1990 ;360051, Кабардино-Балкарская республика, г.Нальчик, ул. Толстого,77
428;НКО;НАРАТ;АО;1902-К;10.06.1992 ;420126, Республика Татарстан, г. Казань, ул. Фатыха Амирхана, д. 21
429;НАРОДНЫЙ БАНК;АО;2249;18.01.1993 ;115184, г. Москва, Малый Татарский пер., д.3
430;НАРОДНЫЙ БАНК ТУВЫ;АО;1309;28.12.1990 ;667000, Республика Тыва, г.Кызыл, ул.Тувинских добровольцев, 18
431;НАРОДНЫЙ ДОВЕРИТЕЛЬНЫЙ БАНК;АО;2374;09.06.1993 ;115054, г. Москва, ул. Дубининская, д. 57, стр. 1
432;НАРОДНЫЙ КРЕДИТ;ОАО;2401;28.06.1993 ;ОТЗ;127006, г. Москва, ул. Долгоруковская, д. 9
433;НАТИКСИС БАНК;АО;3390;17.01.2002 ;127051, г. Москва, Цветной бульвар, дом 2
434;НАФТАБАНК;ООО;715;05.11.1990 ;ОТЗ;367000, Республика Дагестан, г. Махачкала, ул. Абубакарова, д. 115
435;НАЦИОНАЛЬНЫЙ БАНК РАЗВИТИЯ БИЗНЕСА;ОАО;2795;19.04.1994 ;ОТЗ;115054, г. Москва, ул. Пятницкая, д. 67, стр. 1
436;НАЦИОНАЛЬНЫЙ БАНК СБЕРЕЖЕНИЙ;АО;1949;07.07.1992 ;153000, г. Иваново, улица Палехская, дом 2
437;НАЦИОНАЛЬНЫЙ ИНВЕСТИЦИОННО-ПРОМЫШЛЕННЫЙ;АО;3077;06.09.1994 ;119121, г. Москва, 2-й Неопалимовский переулок, д. 10
438;НКО;НАЦИОНАЛЬНЫЙ КЛИРИНГОВЫЙ ЦЕНТР;АО;3466-ЦК;30.05.2006 ;125009, г. Москва, Большой Кисловский пер., д. 13
439;НАЦИОНАЛЬНЫЙ РЕЗЕРВНЫЙ БАНК;АО;2170;26.11.1992 ;117036, г. Москва, просп. 60-летия Октября, 10 А
440;НАЦИОНАЛЬНЫЙ СТАНДАРТ;АО;3421;02.10.2002 ;115093, г. Москва, Партийный пер., д. 1, корп.57, стр.2, 3
441;НАЦКОРПБАНК;АО;3422;14.10.2002 ;ОТЗ;123056, г. Москва, Малый Тишинский переулок, дом 23, стр. 1
442;НБВК;АО;3214;09.02.1995 ;АНН;127106, г. Москва, ул. Гостиничная, д. 4, кор. 9 (подвал, 1 этаж, 2 этаж)
443;НБД-БАНК;ПАО;1966;27.07.1992 ;603950, г.Нижний Новгород, площадь Горького, 6
444;НЕВАСТРОЙИНВЕСТ;ООО;1926;17.06.1992 ;192102, г. Санкт-Петербург, ул. Фучика, д.4, литер К, пом.3,4 18Н
445;НЕВСКИЙ НАРОДНЫЙ БАНК;ПАО;1068;05.12.1990 ;ОТЗ;195271, г. Санкт-Петербург, Кондратьевский проспект, д. 64, корп. 2, лит. А, пом. 9 Н
446;НЕЙВА;ООО;1293;26.12.1990 ;620142, Свердловская область, г. Екатеринбург, ул. Чапаева, д. 3а
447;НЕФТЕПРОМБАНК;АО;2156;12.11.1992 ;127018, г. Москва, ул. Образцова, д.31, стр. 3
448;НЕФТЯНОЙ АЛЬЯНС;ПАО;2859;23.05.1994 ;ОТЗ;121170, г. Москва, ул. Кульнева, д. 3, стр. 1
449;НЗБАНК;ОАО;2944;29.06.1994 ;ОТЗ;141700, Московская обл., г. Долгопрудный, ул. Первомайская, д. 21
450;НИБ;АО;2876;09.06.1994 ;443010, г. Самара, Самарский район, ул. Фрунзе/ул. Некрасовская, д. 102/д.36
451;НИЖНЕВОЛЖСКИЙ КОММЕРЧЕСКИЙ БАНК;АО;931;20.05.1992 ;ОТЗ;410012, г. Саратов, ул.Рахова В.Г., д. 129
452;НИКО-БАНК;ПАО;702;02.11.1990 ;460000, Оренбургская область, г. Оренбург, ул. Правды, дом 14
453;НК БАНК;АО;2755;18.03.1994 ;125047, г. Москва, Миусская площадь, д. 2
454;НКБ;ООО;2942;29.06.1994 ;ОТЗ;105064, г. Москва,улица Земляной Вал, д. 34А, строение 1
455;НОВАЦИЯ;ПАО;840;21.02.1992 ;ОТЗ;385011,Республика Адыгея, г.Майкоп, ул.Димитрова, д.4, корпус 1
456;НОВИКОМБАНК;АО;2546;25.10.1993 ;119180, г. Москва, ул. Полянка Большая, д. 50/1, стр. 1
457;НОВОБАНК;ПАО;1352;24.01.1991 ;173003 Новгородская обл., г. Великий Новгород, наб. реки Гзень, д.11
458;НОВОКИБ;ООО;1747;03.04.1992 ;654080, Кемеровская область, город Новокузнецк, улица Кирова, дом 69
459;НОВОКУЗНЕЦКИЙ МУНИЦИПАЛЬНЫЙ БАНК;ОАО;2865;31.05.1994 ;ОТЗ;654000, Кемеровская область, г.Новокузнецк, ул.Кирова, 38
460;НОВОПОКРОВСКИЙ;ООО;467;11.10.1990 ;ОТЗ;350059, г. Краснодар, Карасунский внутригородской округ, ул. Волжская/ул.им. Глинки, дом №47/77
461;НОВЫЙ ВЕК;ООО;3417;20.06.2002 ;115093, г. Москва, ул. Щипок, д. 4, стр. 1
462;НОВЫЙ КОММЕРЧЕСКИЙ БАНК;ООО;347;25.12.1990 ;ОТЗ;367013, Республика Дагестан, г. Махачкала, ул. Батырая, д. 136.
463;НОВЫЙ МОСКОВСКИЙ БАНК;ООО;2932;27.06.1994 ;119435, г. Москва, Большой Саввинский пер., д. 2-4-6, стр. 10
464;НОВЫЙ СИМВОЛ;АО;370;06.08.1992 ;ОТЗ;123007, г. Москва, 2-й Силикатный проезд, д.8
465;НОКССБАНК;АО;3202;25.01.1995 ;400005, г.ВОЛГОГРАД, ул.7-я Гвардейская,2
466;НООСФЕРА;АО;2650;17.01.1994 ;649000, Республика Алтай, г.Горно-Алтайск, пр.Коммунистический, 26
467;НОРВИК БАНК;ПАО;902;22.11.1990 ;610000, г.Киров, ул. Преображенская, 4
468;НОРДЕА БАНК;АО;3016;03.08.1994 ;125124, г. Москва, 3-я ул. Ямского Поля, д. 19, стр. 1
469;НОТА-БАНК;ПАО;2913;22.06.1994 ;ОТЗ;127018, г. Москва, ул. Образцова, д.31, стр. 3
470;НКО;НРД;АО;3294;27.06.1996 ;105066, г. Москва, ул. Спартаковская, д. 12
471;НС БАНК;АО;3124;11.10.1994 ;109004, г. Москва, ул. Добровольческая, д. 20, стр. 2
472;НСТ-БАНК;АО;1738;30.03.1992 ;ОТЗ;462359, Оренбургская обл., г. Новотроицк, ул. Советская, 49
473;НФК;АО;3437;17.06.2003 ;115114, г. Москва, ул. Кожевническая, дом 14
474;НЭКЛИС-БАНК;ООО;1671;18.12.1991 ;ОТЗ;125009, г. Москва, ул. Большая Никитская, д. 17, стр. 2
475;ОБРАЗОВАНИЕ;АО;1521;10.07.1991 ;ОТЗ;119296, г. Москва, Ленинский проспект, д. 63/2, корпус 1
476;НКО;ОБЪЕДИНЕННАЯ РАСЧЕТНАЯ СИСТЕМА;АО;3342-К;11.08.1999 ;125445, г. Москва, ул. Смольная, д. 22, строение 1
477;ОБЪЕДИНЕННЫЙ БАНК ПРОМЫШЛЕННЫХ ИНВЕСТИЦИЙ;ПАО;2626;23.12.1993 ;ОТЗ;121069, г. Москва, Мерзляковский пер., д. 20, строение 1
478;ОБЪЕДИНЕННЫЙ БАНК РЕСПУБЛИКИ;ООО;1016;29.11.1990 ;428010, Чувашская Республика, г.Чебоксары, Коммунальная слобода, 25"а"
479;ОБЪЕДИНЕННЫЙ КАПИТАЛ;АО;2611;13.12.1993 ;195220, г.Санкт-Петербург, ул. Гжатская, д. 21, корп. 2, лит. А
480;ОБЪЕДИНЕННЫЙ КРЕДИТНЫЙ БАНК;ПАО;1118;07.12.1990 ;ОТЗ;150040, г. Ярославль, ул. Чайковского, д.62/30
481;ОГНИ МОСКВЫ;ООО;2328;29.04.1993 ;ОТЗ;105066, г. Москва, ул.Новая Басманная, д.27
482;ОЛМА-БАНК;ООО;3250;18.04.1995 ;ОТЗ;127051, г. Москва, ул. Садовая Каретная, д.20, стр.1
483;ОНЕГО;АО;2484;08.09.1993 ;185035, Республика Карелия, г. Петрозаводск, пр. К. Маркса, д.1
484;ОНЕЙ БАНК;ООО;3516;28.02.2013 ;129090, г. Москва, Олимпийский проспект, дом 14
485;ОПМ-БАНК;ООО;2734;04.03.1994 ;ОТЗ;127055, г. Москва, ул. Палиха, д. 10, стр. 7
486;ОРБАНК;АО;937;23.11.1990 ;115280, г. Москва, ул. Ленинская Слобода, д. 19, стр. 32
487;ОРГБАНК;ООО;3312;22.08.1990 ;115419, г. Москва, ул. Орджоникидзе, д.11, стр.44
488;ОРЛОВСКИЙ СОЦИАЛЬНЫЙ БАНК;ОАО;2921;27.06.1994 ;ОТЗ;302030, г. Орёл, ул. Набережная Дубровинского, 70
489;ОТП БАНК;АО;2766;28.03.1994 ;125171, г. Москва, Ленинградское шоссе, д. 16 А, стр.2
490;ОФК БАНК;ПАО;2270;29.01.1993 ;ОТЗ;109240, г. Москва, ул. Николоямская, д. 7/8
491;ОХОТНЫЙ РЯД;ООО;3375;19.07.2001 ;ОТЗ;119017, г. Москва, ул. Малая Ордынка, дом 20, строение 1
492;НКО;ПАРИТЕТ;ООО;1860-К;23.03.1992 ;ОТЗ;117209, г. Москва, ул. Зюзинская, д. 6, корп. 2
493;ПВ-БАНК;ЗАО;634;30.10.1990 ;ОТЗ;432970, г. Ульяновск, ул. К. Маркса,1
494;ПЕРВОМАЙСКИЙ;ПАО;518;19.10.1990 ;ОТЗ;350020 г. Краснодар, ул. Красная, 139
495;ПЕРВОУРАЛЬСКБАНК;АО;965;10.07.1992 ;623109, Свердловская область, г.Первоуральск, пр. Ильича, 9 б
496;ПЕРВЫЙ ДЕПОЗИТНЫЙ БАНК;ООО;1244;20.12.1990 ;ОТЗ;127055, г.Москва, ул. Тихвинская, д. 20
497;ПЕРВЫЙ ДОРТРАНСБАНК;АО;3271;09.10.1995 ;610001, г.Киров, улица Комсомольская, д.12А
498;ПЕРВЫЙ ИНВЕСТИЦИОННЫЙ БАНК;АО;604;26.10.1990 ;127247, г. Москва, Бескудниковский бульвар, д.36, корпус 1
499;ПЕРВЫЙ КЛИЕНТСКИЙ БАНК;ООО;3436;17.04.2003 ;115280, г. Москва, ул. Ленинская Слобода, д. 19, строение 1
500;ПЕРВЫЙ РЕСПУБЛИКАНСКИЙ БАНК;ОАО;1730;27.03.1992 ;ОТЗ;123557, г. Москва, ул. Пресненский вал, д. 14, стр. 3
501;ПЕРВЫЙ ЭКСПРЕСС;ОАО;3237;21.03.1995 ;ОТЗ;300041, Тульская область, г.Тула, ул. Путейская, 1
502;ПЕРЕСВЕТ;ПАО;2110;13.10.1992 ;119049, г. Москва, ул. Шаболовка, д. 10, корп. 2
503;ПЕРМЬ;АО;875;22.11.1990 ;614015, г. Пермь, ул. Куйбышева, 10
504;НКО;ПЕРСПЕКТИВА;ООО;3532-К;11.06.2015 ;644033, г. Омск, ул. В.М. Шукшина, дом 9, помещение 9П
505;НКО;ПЕТЕРБУРГСКИЙ РАСЧЕТНЫЙ ЦЕНТР;АО;3306-К;18.11.1996 ;191023, г.Санкт-Петербург, ул.Садовая, 12/23
506;ПЕТЕРБУРГСКИЙ СОЦИАЛЬНЫЙ КОМ. БАНК;АО;2551;29.10.1993 ;191123, Санкт-Петербург, ул. Шпалерная, 42
507;ПЕТРОФФ-БАНК;ОАО;2466;23.08.1993 ;ОТЗ;107140, г. Москва, улица Русаковская, дом 13, стр.2
508;ПИР БАНК;ООО;2655;20.01.1994 ;ОТЗ;121099, г. Москва, Новинский бульвар, дом 3 стр. 1
509;ПК-БАНК;ООО;2652;19.01.1994 ;ОТЗ;603109, г.Нижний Новгород, наб. Федоровского, д. 8
510;НКО;ПЛАТЕЖИ И РАСЧЕТЫ;АО;3324-Р;26.12.1997 ;443011, г. Самара, Октябрьский район, ул.Советской Армии, д.238 "В"
511;ПЛАТЕЖНЫЙ СЕРВИСНЫЙ БАНК;ОАО;1943;26.06.1992 ;ОТЗ;450077, Республика Башкортостан, г.Уфа, ул.Достоевского,100
512;НКО;ПЛАТЕЖНЫЙ СТАНДАРТ;ООО;3530-К;05.12.2014 ;630110, город Новосибирск, улица Богдана Хмельницкого, дом 56
513;НКО;ПЛАТЕЖНЫЙ ЦЕНТР;ООО;3166-К;02.12.1994 ;630102, город Новосибирск, улица Кирова, дом 86
514;ПЛАТИНА;ООО;2347;20.05.1993 ;123610, г. Москва, Краснопресненская наб., дом 12
515;ПЛАТО-БАНК;ООО;2071;09.09.1992 ;ОТЗ;620014, г. Екатеринбург, ул. 8 Марта, 2
516;ПЛЮС БАНК;ПАО;1189;14.12.1990 ;109004, г.Москва, Известковый пер., д. 7, стр. 1
517;ПОЙДЁМ!;АО;2534;19.10.1993 ;127015, г. Москва, ул. Бутырская, д. 76, стр. 1
518;ПОЧТА БАНК;ПАО;650;31.10.1990 ;107061, г. Москва, Преображенская пл., д. 8
519;ПОЧТОБАНК;АО;1788;30.04.1992 ;614096, г. Пермь, ул. Ленина, 68
520;ПРАЙМ ФИНАНС;АО;2758;18.03.1994 ;ОТЗ;197374, Санкт-Петербург, ул.Савушкина, д.126, литера Б, помещение 71-Н
521;НКО;ПРЕМИУМ;ООО;3514-К;21.02.2013 ;107023, г. Москва, Семеновский пер., д. 15
522;ПРЕОДОЛЕНИЕ;ООО;2649;17.01.1994 ;ОТЗ;121596, г. Москва, ул.Толбухина, д.10, корп.2.
523;ПРЕСТИЖКРЕДИТБАНК;ООО;2922;27.06.1994 ;ОТЗ;368600, Республика Дагестан, г. Дербент, переулок Чапаева, д. 23 "а"
524;ПРИМОРСКИЙ ТЕРРИТОРИАЛЬНЫЙ;ООО;21;06.12.1991 ;690091, Приморский край, г. Владивосток, ул.Семеновская, д.6г
525;ПРИМОРЬЕ;ПАО;3001;27.07.1994 ;690091, Приморский край, г.Владивосток, ул.Светланская, 47
526;ПРИМСОЦБАНК;ПАО;2733;04.03.1994 ;690106 Приморский край г.Владивосток Партизанский проспект, 44
527;ПРИОБЬЕ;АО;537;22.10.1990 ;628616, Тюменская область, Ханты-Мансийский автономный округ, г. Нижневартовск, просп. Победы, 18-а
528;ПРИО-ВНЕШТОРГБАНК;ПАО;212;27.12.1991 ;390023, г. Рязань, ул. Есенина,д.82/26
529;ПРИОРИТЕТ;ОАО;3135;19.10.1994 ;ОТЗ;443086, г.Самара, ул. Ерошевского, 3
530;ПРИСКО КАПИТАЛ БАНК;АО;2537;21.10.1993 ;ОТЗ;123022, г. Москва, Б. Предтеченский переулок, д.22
531;ПРОБИЗНЕСБАНК;ОАО;2412;07.07.1993 ;ОТЗ;119285, г. Москва, ул. Пудовкина, д. 3
532;ПРОКОММЕРЦБАНК;ООО;2996;26.07.1994 ;127422, г. Москва, ул. Тимирязевская, дом 1
533;ПРОМИНВЕСТБАНК;ПАО;2433;26.07.1993 ;101000, Москва, ул. Маросейка, д. 9/2, стр. 1
534;ПРОМРЕГИОНБАНК;ООО;2123;15.10.1992 ;ОТЗ;115184, г. Москва, ул.Большая Татарская, д. 29
535;ПРОМСБЕРБАНК;ЗАО;1043;30.11.1990 ;ОТЗ;142110, Московская область, г. Подольск, ул. Кирова, д.19
536;ПРОМСВЯЗЬБАНК;ПАО;3251;12.05.1995 ;109052, г. Москва, ул.Смирновская, д.10, стр.22
537;НКО;ПРОМСВЯЗЬИНВЕСТ;ООО;2761-К;22.03.1994 ;367003, Республика Дагестан, г.Махачкала, ул.Ирчи-Казака, 2 "Б "
538;ПРОМСЕЛЬХОЗБАНК;ООО;538;22.10.1990 ;123290, г. Москва, 1-ый Магистральный тупик, дом 11, строение 1
539;ПРОМТРАНСБАНК;ООО;2638;30.12.1993 ;450008 , Республика Башкортостан, г. Уфа, ул.Ленина, 70
540;ПРОМЫШЛЕННО-ФИНАНСОВОЕ СОТРУДНИЧЕСТВО;ПАО;2410;07.07.1993 ;ОТЗ;119017, г. Москва, ул. Большая Ордынка, д. 37/4, стр. 1
541;ПРОМЭНЕРГОБАНК;АО;2728;04.03.1994 ;ОТЗ;160009 г. Вологда, ул. Чехова, д. 30
542;ПРОФЕССИОНАЛ БАНК;АО;3296;08.07.1996 ;127473, г. Москва, улица Селезневская, дом 15 А, строение 1
543;ПРОФЕССИОНАЛЬНЫЙ ИНВЕСТИЦИОННЫЙ БАНК;ПАО;784;14.11.1990 ;614010, г. Пермь, Комсомольский проспект, 80
544;ПРОХЛАДНЫЙ;ООО;874;22.11.1990 ;361045, Кабардино-Балкарская Республика, г. Прохладный, ул. Ленина, д. 147
545;ПУЛЬС СТОЛИЦЫ;ООО;3002;28.07.1994 ;ОТЗ;115114. г. Москва, Дербеневская набережная, д. 11
546;ПУРПЕ;ОАО;709;02.11.1990 ;ОТЗ;628606, Тюменская обл., Ханты-Мансийский автономный округ-Югра, г. Нижневартовск, 9 микрорайон, ул Мусы Джалиля, д. 9.
547;ПУШКИНО;ОАО;391;29.12.1992 ;ОТЗ;141200, Московская область, г. Пушкино, микрорайон Дзержинец, д. 1
548;ПЧРБ;ООО;3291;28.05.1996 ;ОТЗ;119454, г. Москва, ул. Лобачевского, д. 27
549;НКО;ПЭЙПАЛ РУ;ООО;3517-К;13.03.2013 ;125047, г. Москва, ул. Бутырский Вал, д. 10
550;НКО;ПЭЙЮ;ООО;3518-К;08.04.2013 ;119002, г. Москва, ул. Арбат, д. 10
551;РАДИОТЕХБАНК;ПАО;1166;12.12.1990 ;ОТЗ;603155, г. Нижний Новгород, ул. Максима Горького, д. 262, пом. П4
552;РАЗВИТИЕ;ООО;2729;04.03.1994 ;ОТЗ;369000, Карачаево-Черкесская Республика, г.Черкесск, ул. Красноармейская, 64
553;РАЗВИТИЕ-СТОЛИЦА;АО;3013;03.08.1994 ;105064, г. Москва, Нижний Сусальный переулок, д. 5, строение 15
554;РАЙФФАЙЗЕНБАНК;АО;3292;10.06.1996 ;129090, г. Москва, ул.Троицкая, д.17, стр. 1
555;РАМ БАНК;ООО;3480;27.12.2007 ;ОТЗ;123100, г. Москва, проезд Шмитовский, д. 3, строение 3
556;НКО;РАСЧЕТНЫЕ РЕШЕНИЯ;ООО;3524-К;28.01.2014 ;117587, город Москва, Варшавское шоссе, д. 118, корп. 1
557;РАСЧЕТНЫЙ ДОМ;ООО;3350;02.06.2000 ;ОТЗ;115093, г. Москва, 1-й Павловский переулок, д.3
558;РБА;ООО;3413;28.05.2002 ;119049, г.Москва, Ленинский просп., д. 11, стр.3
559;РЕГИОНАЛЬНЫЙ БАНК РАЗВИТИЯ;ПАО;2782;06.04.1994 ;ОТЗ;105062, г.Москва, Лялин переулок, д. 19, корпус 1, помещение XXIV, комн. 18
560;РЕГИОНАЛЬНЫЙ БАНК СБЕРЕЖЕНИЙ;ООО;3367;11.04.2001 ;ОТЗ;125040, г. Москва, 3-я улица Ямского Поля, д. 18
561;РЕГИОНАЛЬНЫЙ КОММЕРЧЕСКИЙ БАНК;АО;836;20.11.1990 ;ОТЗ;433508, Ульяновская область, г. Димитровград, ул. Самарская, дом 4
562;РЕГИОНФИНАНСБАНК;ООО;3357;20.12.2000 ;ОТЗ;105120, г. Москва, Большой Полуярославский переулок, д. 12
563;РЕГНУМ;ООО;3373;10.05.2001 ;ОТЗ;123154, г.Москва, проспект Маршала Жукова, д. 51
564;РЕЗЕРВ;АО;2364;03.06.1993 ;ОТЗ;454090, г.Челябинск, ул.Труда, д.64 "А"
565;РЕНЕССАНС;ООО;1939;26.06.1992 ;ОТЗ;119330, г. Москва, Мичуринский пр-т, дом 6, корпус 3
566;РЕНЕССАНС КРЕДИТ;ООО;3354;24.11.2000 ;115114, г. Москва, ул. Кожевническая, д. 14
567;РЕНТА-БАНК;АО;3095;22.09.1994 ;121059, г. Москва, Бережковская набережная, д.20Г
568;РЕСО КРЕДИТ;АО;3450;15.01.2004 ;119285, г. Москва, Воробьёвское шоссе, дом 6
569;РЕСПУБЛИКАНСКИЙ КРЕДИТНЫЙ АЛЬЯНС;ООО;3017;03.08.1994 ;109004, г. Москва, ул.Воронцовская, д.13/14, стр.1
570;РЕСУРС-ТРАСТ;АО;3122;11.10.1994 ;105066, г. Москва, ул. Спартаковская, д. 4, стр. 1
571;РИАЛ-КРЕДИТ;ООО;3393;23.01.2002 ;ОТЗ;115172, г. Москва, ул. Малые Каменщики, д. 10
572;НКО;РИБ;ООО;2749-К;15.03.1994 ;119146, г. Москва, Фрунзенская наб., д. 24/1
573;РИНВЕСТБАНК;ООО;3262;07.07.1995 ;ОТЗ;390000, г. Рязань, Первомайский проспект, д.14
574;НКО;Р-ИНКАС;ООО;3536-К;22.12.2016 ;127051, город Москва, Малый Каретный переулок, д. 8
575;НКО;РКЦ ДВ;АО;3318-Р;25.06.1992 ;690001, г.Владивосток, улица Махалина, д. 15
576;РН БАНК;АО;170;26.04.1991 ;109028, г.Москва, Серебряническая наб., д. 29
577;РОСАВТОБАНК;ООО;2767;28.03.1994 ;ОТЗ;123056, г. Москва, ул. Зоологическая, дом 26, строение 2
578;РОСБАНК;ПАО;2272;02.03.1993 ;107078, г. Москва, ул. Маши Порываевой, д. 34
579;РОСБИЗНЕСБАНК;ПАО;1405;11.03.1991 ;115162, г. Москва, ул. Мытная, д. 44, строение 12, офис 1-54
580;РОСГОССТРАХ БАНК;ПАО;3073;05.09.1994 ;107078, г. Москва, ул. Мясницкая, д.43, стр.2
581;РОСДОРБАНК;ПАО;1573;25.09.1991 ;115093, г. Москва, ул. Дубининская, дом 86
582;РОСИНТЕРБАНК;АО;226;12.12.1991 ;ОТЗ;115114, г. Москва, ул. Кожевническая, д. 10, стр. 1
583;РОСКОМСНАББАНК;ПАО;1398;01.03.1991 ;ОТЗ;450076, Республика Башкортостан, г.Уфа, ул.Гафури, 54
584;РОСКОСМОСБАНК;АО;2989;20.07.1994 ;125196, г. Москва, ул. Бутырский Вал, дом 18, строение 2
585;РОССЕЛЬХОЗБАНК;АО;3349;24.04.2000 ;119034, г. Москва, Гагаринский пер., д.3
586;РОССИЙСКАЯ ФИНАНСОВАЯ КОРПОРАЦИЯ;АО;3099;07.05.1993 ;123001, г. Москва, Вспольный пер., д. 19
587;РОССИЙСКИЙ КРЕДИТ;ОАО;324;23.12.1991 ;ОТЗ;125252, г. Москва, ул. Сальвадора Альенде, д. 7
588;РОССИЙСКИЙ НАЦИОНАЛЬНЫЙ КОММЕРЧЕСКИЙ БАНК;ПАО;1354;25.01.1991 ;295000, Республика Крым, г.Симферополь, улица Набережная имени 60-летия СССР, д. 34
589;РОССИЙСКИЙ ПРОМЫШЛЕННЫЙ БАНК;ООО;3204;27.01.1995 ;ОТЗ;125009, г. Москва, ул. Большая Никитская, дом 17, строение 2
590;РОССИТА-БАНК;ООО;3257;27.06.1995 ;125047, г. Москва, ул. 1-я Брестская д.22
591;РОССИЯ;АО;328;29.12.1991 ;191124, Санкт-Петербург, пл. Растрелли, 2, литер А
592;РОСТФИНАНС;ООО;481;15.10.1990 ;344037, г. Ростов-на-Дону, ул. Ченцова, 95
593;РОСЭКСИМБАНК;АО;2790-Г;18.04.1994 ;123610, г. Москва, Краснопресненская набережная, дом 12
594;РОСЭНЕРГОБАНК;АО;2211;21.12.1992 ;ОТЗ;105062, г. Москва, пер. Подсосенский, д. 30, стр. 3
595;РОЯЛ КРЕДИТ БАНК;АО;783;14.11.1990 ;690068, город Владивосток, проспект 100-летия Владивостока, дом 155, корпус 1 (литер Б), 3 этаж
596;РСКБ;АО;2050;09.09.1992 ;ОТЗ;119002, г. Москва, Денежный переулок, д. 7, корп. 2
597;РТС-БАНК;АО;3401;11.04.2002 ;ОТЗ;445017, Самарская область, г.Тольятти, ул. Ленина, д.94
598;РУБАНК;АО;2813;29.04.1994 ;ОТЗ;127055, г. Москва, ул. Тихвинская, д. 20
599;РУБЛЕВ;АО;3098;22.09.1994 ;ОТЗ;105066, г. Москва, Елоховский проезд, д. 3, стр. 2
600;РУБЛЕВСКИЙ;ООО;2192;16.12.1992 ;ОТЗ;119991, г. Москва, ул. Льва Толстого, д.5/1, стр.1
601;РУНА-БАНК;АО;3207;27.01.1995 ;101000, г. Москва, ул. Мясницкая, дом 42/2, строение 2
602;РУНЭТБАНК;АО;2829;11.05.1994 ;АНН;123056, г. Москва, ул.Гашека, д.9, стр.1, корп. 4
603;РУСИЧ ЦЕНТР БАНК;ОАО;2793;19.04.1994 ;ОТЗ;101000, г. Москва, Лубянский проезд, д. 11/1, стр.1
604;РУСКОБАНК;АО;138;11.04.1991 ;ОТЗ;188640, Ленинградская область, город Всеволожск, Всеволожский проспект, дом 29
605;РУСНАРБАНК;АО;3403;11.04.2002 ;115184, город Москва, Озерковский переулок, дом 3
606;РУССКИЙ БАНК СБЕРЕЖЕНИЙ;ООО;779;14.11.1990 ;357350, Ставропольский край, Предгорный район, ст. Ессентукская, ул. Гагарина, 148
607;РУССКИЙ БАНКИРСКИЙ ДОМ;ЗАО;2686;11.02.1994 ;ОТЗ;115035, г. Москва, ул.Садовническая, д.63 стр.7
608;РУССКИЙ ЗЕМЕЛЬНЫЙ БАНК;ОАО;2810;29.04.1994 ;ОТЗ;123104, г.Москва, Сытинский пер., д. 3, стр. 1
609;РУССКИЙ ИНВЕСТИЦИОННЫЙ АЛЬЯНС;АО;3434;17.04.2003 ;ОТЗ;127055, Москва, Вадковский пер., д. 5, стр. 1
610;РУССКИЙ ИПОТЕЧНЫЙ БАНК;ООО;1968;14.07.1992 ;ОТЗ;119180, г. Москва, ул. Большая Полянка, дом 2, строение 2
611;РУССКИЙ МЕЖДУНАРОДНЫЙ БАНК;АО;3123;11.10.1994 ;ОТЗ;119034, г. Москва, ул. Пречистенка, д.36, строение 1
612;РУССКИЙ НАЦИОНАЛЬНЫЙ БАНК;ООО;469;11.10.1990 ;ОТЗ;344082, г. Ростов-на-Дону, ул. Шаумяна, 38/39
613;РУССКИЙ РЕГИОНАЛЬНЫЙ БАНК;ПАО;685;01.11.1990 ;108814, г. Москва, поселение Сосенское, Калужское шоссе, 24-км, домовл. 1, стр. 1, 9 этаж
614;РУССКИЙ СЛАВЯНСКИЙ БАНК;АО;1073;05.12.1990 ;ОТЗ;129090, г. Москва, просп. Мира, д. 3, строение 3
615;РУССКИЙ СТАНДАРТ;АО;2289;31.03.1993 ;105187, г. Москва, ул. Ткацкая, д. 36
616;РУССКИЙ СТРОИТЕЛЬНЫЙ БАНК;АО;3205;27.01.1995 ;ОТЗ;109004, г. Москва, Большой Дровяной переулок, д. 7/9, стр. 1
617;РУССКИЙ ТОРГОВЫЙ БАНК;ООО;2842;16.05.1994 ;ОТЗ;119021, г. Москва, ул. Тимура Фрунзе, д. 11, строение 60 А
618;РУССКИЙ ТРАСТОВЫЙ БАНК;АО;1139;10.12.1990 ;ОТЗ;125009, г. Москва, улица Большая Никитская, дом 16
619;РУССКИЙ ФИНАНСОВЫЙ АЛЬЯНС;ПАО;2035;26.08.1992 ;ОТЗ;127051, г. Москва, Малый Каретный пер., д. 11-13, стр. 1
620;РУССКО-ГЕРМАНСКИЙ ТОРГОВЫЙ БАНК А.О.;ЗАО;2747;15.03.1994 ;ОТЗ;121069, г. Москва, ул.Поварская, д.27
621;НКО;РУССКОЕ ФИНАНСОВОЕ ОБЩЕСТВО;ООО;3427-К;15.11.2002 ;115054, г. Москва, ул. Щипок, д. 9/26, стр. 1
622;РУССОБАНК;АО;2313;23.04.1993 ;ОТЗ;119121, г. Москва, ул.Плющиха, д.10, стр.1
623;РУСФИНАНС БАНК;ООО;1792;12.05.1992 ;443013, Самарская область, г. Самара, ул. Чернореченская, дом 42а
624;РУСЬУНИВЕРСАЛБАНК;ООО;3293;24.06.1996 ;105064, г. Москва, Малый Казенный пер., д.14, стр.1
625;РФИ БАНК;АО;3351;10.11.2000 ;105082, г. Москва, Переведеновский пер., д. 13, стр. 4
626;САММИТ БАНК;ПАО;85;22.04.1991 ;690106, Приморский край, г.Владивосток, пр. Красного Знамени,3
627;САНКТ-ПЕТЕРБУРГСКИЙ БАНК ИНВЕСТИЦИЙ;АО;3468;15.01.2007 ;197101, г. Санкт-Петербург, ул. Большая Монетная, дом 16, корпус 30, Литер А
628;САРАТОВ;ООО;330;28.06.1990 ;410071, г.Саратов, ул.Шелковичная, 177
629;САРОВБИЗНЕСБАНК;ПАО;2048;28.08.1992 ;607189, Нижегородская область, г.Саров, улица Силкина, 13
630;САХАДАЙМОНДБАНК;ООО;3272;09.10.1995 ;ОТЗ;101000, г. Москва, Колпачный пер., д.9, стр.1
631;СБЕРБАНК РОССИИ;ПАО;1481;20.06.1991 ;117997, г. Москва, ул. Вавилова, д.19
632;СВЯЗНОЙ БАНК;АО;1961;21.07.1992 ;ОТЗ;123001, г. Москва, Ермолаевский пер., д. 27, стр. 1
633;СВЯЗЬ-БАНК;ПАО;1470;20.05.1991 ;105066, г. Москва, ул. Новорязанская, д. 31/7, корп. 2
634;СДМ-БАНК;ПАО;1637;29.11.1991 ;125424, г. Москва, Волоколамское шоссе, д.73
635;СЕВАСТОПОЛЬСКИЙ МОРСКОЙ БАНК;АО;3528;15.08.2014 ;299001, г.Севастополь, ул.Брестская, 18-а
636;СЕВЕРИНВЕСТБАНК;ОАО;2264;26.01.1993 ;ОТЗ;308004, Белгородская область, г. Белгород, ул. Щорса, дом 51
637;НКО;СЕВЕРНАЯ КЛИРИНГОВАЯ ПАЛАТА;ЗАО;3317-Р;09.02.1993 ;ОТЗ;163000, г. Архангельск, пр. Советских Космонавтов, д.52
638;СЕВЕРНЫЙ КРЕДИТ;АО;2398;25.06.1993 ;ОТЗ;160000, Вологодская область, г. Вологда, ул. Герцена, д. 27
639;СЕВЕРНЫЙ МОРСКОЙ ПУТЬ;АО;3368;11.04.2001 ;115035, г. Москва, ул. Садовническая, д. 71, стр. 11
640;СЕВЕРНЫЙ НАРОДНЫЙ БАНК;ПАО;2721;25.02.1994 ;167000, Республика Коми, г.Сыктывкар, ул.Первомайская, 68
641;СЕВЕРО-ВОСТОЧНЫЙ АЛЬЯНС;АО;2768;31.03.1994 ;ОТЗ;127055, г. Москва, ул.Сущевская, д.16, стр.3
642;СЕВЕРО-ЗАПАДНЫЙ 1 АЛЬЯНС БАНК;АО;766;14.11.1990 ;ОТЗ;191123, г. Санкт-Петербург, ул. Радищева, д. 39, лит. Д
643;СЕВЕРСТРОЙБАНК;АО;3507;11.03.2012 ;160009, г. Вологда, ул. Мальцева, д.52.
644;СЕВЗАПИНВЕСТПРОМБАНК;АО;2152;06.11.1992 ;191040, г. Санкт-Петербург, ул. Марата, 36-38, литер А
645;СЕЛЬМАШБАНК;ПАО;106;06.08.1991 ;344029, г. Ростов-на-Дону, пр. Сельмаш, 102
646;СЕРВИС РЕЗЕРВ;АО;2034;28.08.1992 ;119071, г. Москва, ул. Орджоникидзе, д. 10
647;НКО;СЕТЕВАЯ РАСЧЕТНАЯ ПАЛАТА;АО;3332-К;19.11.1998 ;420111, г.Казань, ул. К.Маркса, д.5, оф.28,32
648;СЕТЕЛЕМ БАНК;ООО;2168;27.11.1992 ;125124, г. Москва, ул. Правды, д. 26
649;СИАБ;ПАО;3245;27.03.1995 ;196084, г. Санкт-Петербург, ул. Черниговская, 8, лит. А, пом. 1-Н
650;СИБИРСКИЙ БАНК РЕКОНСТРУКЦИИ И РАЗВИТИЯ;ООО;1284;25.12.1990 ;ОТЗ;625003, г. Тюмень, ул. Клары Цеткин, дом 61, корп. 1/2
651;СИБИРСКИЙ ЭНЕРГЕТИЧЕСКИЙ БАНК;ЗАО;2604;06.12.1993 ;ОТЗ;105062, г. Москва, Лялин переулок, д. 7/2, стр. 4
652;СИБНЕФТЕБАНК;ОАО;385;06.09.1991 ;ОТЗ;625000, Тюменская область, г. Тюмень, ул. Первомайская, д. 39.
653;СИБСОЦБАНК;ООО;2015;21.08.1992 ;656049, Алтайский край, г.Барнаул, пр-кт Ленина,д. 61а
654;СИБЭС;АО;208;24.05.1993 ;ОТЗ;644007, г.Омск, ул. Рабиновича, 132/134
655;СИМБИРСК;ОАО;653;31.10.1990 ;ОТЗ;432017, г. Ульяновск, ул.Карла Маркса, дом 5
656;НКО;СИНЕРГИЯ;АО;2884-К;10.06.1994 ;410028, г.Саратов, ул.Рабочая, 27
657;СИНКО-БАНК;ООО;2838;16.05.1994 ;107045, г. Москва, Последний переулок, д.11, стр.1
658;СИСТЕМА;ООО;2846;17.05.1994 ;125009, г. Москва, Нижний Кисловский переулок, д. 7, стр. 2
659;СИТИ ИНВЕСТ БАНК;АО;3194;30.12.1994 ;191187, г. Санкт-Петербург, ул. Шпалерная, д.2/4, литер А
660;СИТИБАНК;АО;2557;01.11.1993 ;125047, г. Москва, ул. Гашека, д. 8-10, стр. 1
661;СКБ-БАНК;ПАО;705;02.11.1990 ;620026, г.Екатеринбург,ул. Куйбышева, 75
662;СЛАВИЯ;АО;2664;27.01.1994 ;117292, г. Москва, ул. Кедрова, д.5А
663;СЛАВЯНБАНК;АО;804;15.11.1990 ;173004 Новгородская обл., г.Великий Новгород, ул.Черемнова-Конюхова, д.12
664;СЛАВЯНСКИЙ БАНК;ЗАО;383;13.01.1992 ;ОТЗ;109544, г. Москва, ул. Большая Андроньевская, д.17
665;СЛАВЯНСКИЙ КРЕДИТ;ООО;2960;04.07.1994 ;119415, г. Москва, пр-т Вернадского, д.87, корп.2
666;СМАРТБАНК;АО;3408;28.05.2002 ;ОТЗ;111024, г. Москва, ул. Старообрядческая, д. 46 "А"
667;СМОЛЕВИЧ;ПАО;1121;07.12.1990 ;ОТЗ;216500, Смоленская область, город Рославль, ул.Пролетарская, 47
668;СМОЛЕНСКИЙ БАНК;ОАО;2029;25.08.1992 ;ОТЗ;214000, город Смоленск, ул.Тенишевой, д.6 а
669;СНЕЖИНСКИЙ;АО;1376;14.02.1991 ;456770, Челябинская область, г. Снежинск, ул. Васильева, д. 19
670;СОБИНБАНК;АО;1317;29.12.1990 ;123376, г. Москва, ул. Рочдельская, д. 15, строение 56, 4 этаж
671;СОВЕРЕН БАНК;АО;3206;27.01.1995 ;ОТЗ;105120, г. Москва, пер. Полуярославский Б., д. 12
672;СОВЕТСКИЙ;АО;558;24.10.1990 ;ОТЗ;194044, г. Санкт-Петербург, Большой Сампсониевский пр., д. 4-6, лит. А
673;СОВКОМБАНК;ПАО;963;27.11.1990 ;156000, г. Кострома, пр. Текстильщиков, д. 46
674;СОВРЕМЕННЫЕ СТАНДАРТЫ БИЗНЕСА;ООО;3397;06.02.2002 ;119296, г. Москва, Ломоносовский проспект, д. 18
675;СОДРУЖЕСТВО;ОАО;2923;27.06.1994 ;ОТЗ;119017, г. Москва, ул. Большая Ордынка, дом 40, строение 1
676;СОКОЛОВСКИЙ;АО;2830;11.05.1994 ;119002, г. Москва, улица Арбат, дом 43, строение 3
677;СОЛИД БАНК;АО;1329;04.01.1991 ;690091, г. Владивосток, ул. Алеутская, д. 33
678;СОЛИДАРНОСТЬ;АО;554;23.10.1990 ;443099, г.Самара, ул.Куйбышева,90
679;СОЛИДАРНОСТЬ;АО;1555;02.09.1991 ;ОТЗ;119334, г. Москва, Ленинский проспект, дом 37, корпус 1
680;СОФРИНО;ЗАО;2972;18.07.1994 ;ОТЗ;125009 , г. Москва, Леонтьевский пер., д. 2 А, стр.2
681;СОЦИУМ-БАНК;ООО;2881;09.06.1994 ;125190, г. Москва, Ленинградский проспект, д. 80, корпус 16
682;СОЮЗ;АО;2307;23.04.1993 ;127055, г. Москва, ул. Сущевская, д. 27, стр. 1
683;СОЮЗНЫЙ;ООО;3236;15.03.1995 ;ОТЗ;107014, г. Москва, улица Бабаевская, дом 6
684;СПЕЦСЕТЬСТРОЙБАНК;ООО;3062;01.09.1994 ;ОТЗ;115035, г. Москва, ул. Балчуг, д. 3/2
685;СПЕЦСТРОЙБАНК;ООО;236;22.02.1993 ;109004, г. Москва, ул. Александра Солженицына, д. 12, стр. 4
686;СПИРИТБАНК;ПАО;2053;08.09.1992 ;300012, Тульская область , г.Тула, пр.Ленина, 85а
687;СПУРТ;ПАО;2207;22.12.1992 ;ОТЗ;420107, г.Казань, ул.Спартаковская, дом 2
688;СПУТНИК;ПАО;1071;05.12.1990 ;443041, г. Самара, ул. Агибалова, д. 48
689;СТАВРОПОЛЬПРОМСТРОЙБАНК;ПАО;1288;26.12.1990 ;355041, Ставропольский край, г.Ставрополь, ул. Краснофлотская, 88а
690;СТАРБАНК;АО;548;23.10.1990 ;ОТЗ;127055, город Москва, улица Бутырский Вал, дом 68/70, строение 1
691;СТАРООСКОЛЬСКИЙ АГРОПРОМБАНК;ООО;1050;03.12.1990 ;ОТЗ;309511, Белгородская область, г. Старый Оскол, мкр. Олимпийский, 62
692;СТЕЛЛА-БАНК;АО;2948;29.06.1994 ;ОТЗ;344022, г. Ростов-на-Дону, ул. Большая Садовая, 188а
693;НКО;СТОЛИЧНАЯ РАСЧЕТНАЯ ПАЛАТА;ООО;3419-К;16.08.2002 ;ОТЗ;105094, г. Москва, ул. Гольяновская, д. 7, корп. 1
694;СТОЛИЧНЫЙ КРЕДИТ;ООО;2853;17.05.1994 ;105005, г. Москва, ул. Бауманская, д. 54, стр. 1
695;СТРАТЕГИЯ;ПАО;2801;22.04.1994 ;ОТЗ;119435, г. Москва, Большой Саввинский переулок, дом 12, строение 11
696;СТРОЙКРЕДИТ;ОАО;18;26.12.1991 ;ОТЗ;109544, г. Москва, ул. Большая Андроньевская, д. 17
697;СТРОЙЛЕСБАНК;ООО;2995;26.07.1994 ;625000, г. Тюмень, ул. Республики, дом 65
698;СУДОСТРОИТЕЛЬНЫЙ БАНК;ООО;2999;27.07.1994 ;ОТЗ;115035, г. Москва, Раушская наб., д.4/5, стр.1
699;СУМИТОМО МИЦУИ РУС БАНК;АО;3494;07.04.2009 ;123112, г. Москва, Пресненская набережная, д. 10
700;СУРГУТНЕФТЕГАЗБАНК;АО;588;25.10.1990 ;628400, Тюменская область, Ханты-Мансийский автономный округ - Югра, город Сургут, улица Григория Кукуевицкого, дом 19
701;СЭБ БАНК;АО;3235;15.03.1995 ;195009, г. Санкт-Петербург, ул. Михайлова, д.11
702;ТААТТА;АО;1249;20.12.1990 ;ОТЗ;677018, Республика Саха (Якутия), г. Якутск, ул. Чепалова, д. 36
703;ТАВРИЧЕСКИЙ БАНК;АО;2304;21.04.1993 ;191123 Санкт-Петербург, ул. Радищева, 39
704;ТАГАНРОГБАНК;ПАО;3136;19.10.1994 ;347900, Ростовская область, г.Таганрог, ул. Греческая, 71
705;ТАГИЛБАНК;АО;1635;25.11.1991 ;ОТЗ;622001, Свердловская область, г. Нижний Тагил, ул. Ломоносова, дом 2 А
706;ТАЙДОН;ООО;2085;18.09.1992 ;650070, Кемеровская область, г. Кемерово, пр. Молодежный, д. 5
707;ТАЙМ БАНК;ПАО;3120;10.10.1994 ;ОТЗ;127254, г. Москва, ул. Руставели, д. 6
708;ТАЛЬМЕНКА-БАНК;ООО;826;16.11.1990 ;ОТЗ;656037, Алтайский край, г.Барнаул, пр.Ленина, 156-а
709;ТАМБОВКРЕДИТПРОМБАНК;АО;1312;28.12.1990 ;392000, г. Тамбов, ул. Советская, 118
710;ТАНДЕМ;ООО;1951;02.07.1992 ;ОТЗ;123290, г. Москва, Шелепихинское шоссе, д.11, корп.1
711;ТАТАГРОПРОМБАНК;ООО;728;11.11.1990 ;ОТЗ;420097, Республика Татарстан, г.Казань, ул.Зинина, д.4
712;ТАТСОЦБАНК;АО;480;12.10.1990 ;420111, г.Казань, ул.Чернышевского, 18/23
713;ТАТФОНДБАНК;ПАО;3058;24.08.1994 ;ОТЗ;420111, г.Казань, ул.Чернышевского, д. 43/2
714;ТАУРУС БАНК;АО;655;31.10.1990 ;ОТЗ;127051, г.Москва, Крапивенский переулок, дом 4, строение 1, здание 3
715;ТЕКСБАНК;АО;2756;18.03.1994 ;369000, Карачаево-Черкесская Республика, г. Черкесск, ул. Кавказская, 99
716;ТЕЛЕКОММЕРЦ БАНК;АО;3380;05.11.2001 ;ОТЗ;300034, г.Тула, ул. Лейтейзена, 12-б
717;ТЕМПБАНК;ПАО;55;17.12.1991 ;ОТЗ;109044, г. Москва, ул. Крутицкий вал, д. 26, строение 2
718;ТЕНДЕР-БАНК;АО;2252;25.01.1993 ;125047, г. Москва, ул. Гашека, д.2, стр.1
719;ТЕРРА;ЗАО;3476;18.10.2007 ;ОТЗ;115093, г. Москва, ул. Щипок, д. 2
720;ТИМЕР БАНК;АО;1581;03.10.1991 ;115054, г. Москва, ул. Бахрушина, д. 23, стр. 2
721;ТИНЬКОФФ БАНК;АО;2673;28.01.1994 ;123060, г. Москва, 1-й Волоколамский проезд, дом 10, стр.1
722;ТИХООКЕАНСКИЙ ВНЕШТОРГБАНК;ОАО;1378;20.02.1991 ;ОТЗ;693020, Сахалинская область, г. Южно-Сахалинск, Коммунистический проспект, д. 76.
723;ТОЙОТА БАНК;АО;3470;03.04.2007 ;109028, г. Москва, Серебряническая наб., дом 29
724;ТОЛЬЯТТИХИМБАНК;АО;2507;21.09.1993 ;445009, Самарская обл., г.Тольятти, ул.Горького, 96
725;ТОМСКПРОМСТРОЙБАНК;ПАО;1720;10.01.1992 ;634061, город Томск, проспект Фрунзе, 90
726;ТОРГОВЫЙ ГОРОДСКОЙ БАНК;АО;3180;16.12.1994 ;ОТЗ;129090, г. Москва, Спасский тупик, д. 2, строение 1
727;ТОРЖОК;ПАО;933;23.11.1990 ;172002, Тверская область, г.Торжок, площадь Ананьина, дом 3
728;ТРАНСКАПИТАЛБАНК;ПАО;2210;24.12.1992 ;109147, г. Москва, ул.Воронцовская, д.27/35
729;ТРАНСНАЦИОНАЛЬНЫЙ БАНК;ООО;2108;09.10.1992 ;ОТЗ;119180, г. Москва, 1-й Хвостов пер., д. 3А, стр. 2
730;ТРАНСПОРТНЫЙ;ООО;3174;05.12.1994 ;ОТЗ;129090, г. Москва, ул. Каланчёвская, д. 49
731;ТРАНСПОРТНЫЙ ИНВЕСТИЦИОННЫЙ БАНК;ООО;3238;22.03.1995 ;ОТЗ;123104, г. Москва, Малый Палашевский пер., д. 5
732;ТРАНССТРОЙБАНК;АО;2807;28.04.1994 ;115093, г. Москва, ул. Дубининская, д. 94.
733;ТРАСТ;ПАО;3279;27.11.1995 ;109004, город Москва, Известковый переулок, дом 3
734;ТРАСТОВЫЙ РЕСПУБЛИКАНСКИЙ БАНК;ООО;3404;11.04.2002 ;ОТЗ;125047, г. Москва, ул. 2-я Брестская, д. 32
735;ТРЕВЕЛ БАНК;ООО;531;19.10.1990 ;ОТЗ;105064, г. Москва, Гороховский пер., д. 14, стр. 2
736;ТРОЙКА-Д БАНК;АО;3431;31.12.2002 ;ОТЗ;119180, г. Москва, ул. Большая Полянка, д. 19, стр. 1
737;ТУЛЬСКИЙ ПРОМЫШЛЕННИК;ПАО;2382;11.06.1993 ;ОТЗ;300028, Тульская область, г.Тула, ул. Смидович, 18-б
738;ТУСАР;АО;2712;24.02.1994 ;ОТЗ;109240, г. Москва, улица Верхняя Радищевская, дом 17/2, строение 2
739;ТЭМБР-БАНК;АО;2764;28.03.1994 ;127473, г. Москва, 1-й Волконский пер., д. 10
740;ТЮМЕНЬАГРОПРОМБАНК;ЗАО;917;23.11.1990 ;ОТЗ;625002, Тюменская область, г. Тюмень, ул. Комсомольская, д. 60
741;УГЛЕМЕТБАНК;АО;2997;27.07.1994 ;454138, г.Челябинск, ул.Молодогвардейцев, 17б
742;УДМУРТИНВЕСТСТРОЙБАНК;ОАО;2447;03.08.1993 ;ОТЗ;426008, Удмуртская Республика, г.Ижевск, ул.Пушкинская, д.268
743;УИК-БАНК;ООО;1300;27.12.1990 ;ОТЗ;454084, г.Челябинск, Свердловский проспект, дом 35 А
744;УМ-БАНК;ООО;1441;17.04.1991 ;ОТЗ;115184, г. Москва, ул. Ордынка Б, д. 59, стр. 2
745;УНИВЕРСАЛТРАСТ;ООО;3402;11.04.2002 ;ОТЗ;119180, г. Москва, 1-й Голутвинский переулок, д. 6
746;УНИВЕРСАЛЬНЫЙ КРЕДИТ;ОАО;2903;21.06.1994 ;ОТЗ;105064, г. Москва, ул. Земляной вал, д. 36, стр. 2-2А
747;УНИФИН;АО;2654;20.01.1994 ;ОТЗ;127051, г. Москва, 1-ый Колобовский переулок, дом 11
748;УНИФОНДБАНК;ООО;3416;20.06.2002 ;127473, г. Москва, 1-ый Волконский переулок, дом 13
749;УРАЛЛИГА;ЗАО;1626;20.11.1991 ;ОТЗ;454091, г.Челябинск, ул.Свободы, 83
750;УРАЛПРОМБАНК;АО;2964;11.07.1994 ;454090, г.Челябинск, ул.Свободы, 97
751;УРАЛСИБ;ПАО;2275;28.01.1993 ;119048, г. Москва, ул. Ефремова, 8
752;УРАЛТРАНСБАНК;ПАО;812;29.11.1991 ;ОТЗ;620027, г.Екатеринбург, ул. Мельковская, 2 "Б"
753;УРАЛФИНАНС;ООО;1370;07.02.1991 ;620075, Свердловская область, г. Екатеринбург, ул. Кузнечная, д.83
754;УРАЛЬСКИЙ БАНК РЕКОНСТРУКЦИИ И РАЗВИТИЯ;ПАО;429;28.09.1990 ;620014, г.Екатеринбург, ул. Сакко и Ванцетти, д.67
755;УРАЛЬСКИЙ КАПИТАЛ;ООО;2519;30.09.1993 ;ОТЗ;450071, Российская Федерация , Республика Башкортостан, город Уфа, улица Рязанская, дом 10
756;УРАЛЬСКИЙ ТРАСТОВЫЙ БАНК;ОАО;2523;05.10.1993 ;ОТЗ;426008, Удмуртская Республика, г. Ижевск, ул. Пушкинская, 268
757;УРАЛЬСКИЙ ФИНАНСОВЫЙ ДОМ;ПАО;249;27.12.1991 ;614990, г. Пермь, ул. Ленина, 64
758;УРИ БАНК;АО;3479;18.10.2007 ;121099, г. Москва, Новинский бульвар, дом 8
759;УССУРИ;АО;596;26.10.1990 ;ОТЗ;680013, город Хабаровск, улица Карла Маркса, дом 96 А
760;ФИА-БАНК;АО;2542;25.10.1993 ;ОТЗ;445037, Самарская обл., г. Тольятти, Новый проезд, д.8
761;ФИНАНС БИЗНЕС БАНК;ООО;520;19.10.1990 ;109028, г.Москва, ул.Солянка, д.3, стр.2
762;ФИНАНСОВЫЙ КАПИТАЛ;ООО;3288;03.04.1996 ;ОТЗ;190121, г. Санкт-Петербург, ул.Садовая, дом 121, литер А
763;ФИНАНСОВЫЙ СТАНДАРТ;ООО;1053;03.12.1990 ;ОТЗ;129090, г. Москва, ул. Троицкая, д. 7, стр. 4
764;ФИНАРС БАНК;АО;2938;29.06.1994 ;ОТЗ;109240, г. Москва, Москворецкая набережная, д. 7, стр. 2
765;ФИНПРОМБАНК;ПАО;2157;19.11.1992 ;ОТЗ;107045, г. Москва, Последний переулок, д.24
766;ФИНСЕРВИС;АО;3388;05.11.2001 ;121151, г. Москва, Набережная Тараса Шевченко, дом 23 А, 2 этаж, пом. 1, ком. № 1
767;НКО;ФИНЧЕР;ООО;3486-К;24.06.2008 ;125367, г. Москва, ул. Габричевского, д. 5, корп. 9
768;ФК ОТКРЫТИЕ;ПАО;2209;15.12.1992 ;115114, г. Москва, ул. Летниковская, д.2, стр.4
769;ФЛОРА-МОСКВА;АО;533;19.10.1990 ;ОТЗ;119049, г. Москва, ул. Донская, дом 4, строение 3
770;ФОЛЬКСВАГЕН БАНК РУС;ООО;3500;02.07.2010 ;117485, г. Москва, ул. Обручева, д. 30/1, стр. 2
771;ФОРА-БАНК;АО;1885;27.05.1992 ;119021, г. Москва, Зубовский бульвар, д.25
772;ФОРБАНК;АО;2063;09.09.1992 ;107140, г. Москва, ул. Нижняя Красносельская, д. 5, стр. 5
773;ФОРУС БАНК;АО;3457;24.06.2005 ;ОТЗ;603000, г. Нижний Новгород, ул. Максима Горького, д.117
774;ФОРШТАДТ;АО;2208;15.12.1992 ;460001, Оренбургская область, г. Оренбург, ул. Чкалова, 35/1
775;ФРИДОМ ФИНАНС;ООО;1143;10.12.1990 ;127006, г. Москва, ул. Каретный ряд, д. 5/10, строение 2
776;ХАКАССКИЙ МУНИЦИПАЛЬНЫЙ БАНК;ООО;1049;03.12.1990 ;655017, Республика Хакасия, г.Абакан, ул.Хакасская, 73
777;ХИМИК;ПАО;1114;07.12.1990 ;606008, Нижегородская область, г.Дзержинск, улица Урицкого, 10 - Б
778;ХКФ БАНК;ООО;316;12.05.1992 ;125040, г. Москва, ул. Правды, д. 8, корпус 1
779;ХЛЫНОВ;АО;254;06.03.1990 ;610002, г.Киров, ул. Урицкого, д. 40
780;ХОЛДИНВЕСТБАНК;ООО;2837;16.05.1994 ;ОТЗ;143026, Московская область, Одинцовский район, рабочий поселок Новоивановское, Можайское шоссе, владение 165
781;ХОЛДИНГ-КРЕДИТ;ООО;3030;04.08.1994 ;ОТЗ;121069, г. Москва, ул. Садовая-Кудринская, д. 2/62, стр. 4
782;НКО;ХОЛМСК;АО;503-К;17.10.1990 ;693004, г. Южно-Сахалинск, ул. Ленина, 304Г
783;ЦЕНТРАЛЬНО-АЗИАТСКИЙ;ООО;3037;04.08.1994 ;655017, Республика Хакасия, г.Абакан, ул.Советская, 69
784;ЦЕНТРАЛЬНО-ЕВРОПЕЙСКИЙ БАНК;ООО;2670;28.01.1994 ;ОТЗ;672007, г. Чита, ул. Бабушкина, д. 108, помещение 4
785;ЦЕНТР-ИНВЕСТ;ПАО;2225;28.12.1992 ;344000, г. Ростов-на-Дону, пр. Соколова, 62
786;ЦЕНТРКОМБАНК;ООО;2983;19.07.1994 ;ОТЗ;115054, г. Москва, 3-й Монетчиковский пер., д.11, стр.1
787;ЦЕНТРОКРЕДИТ;АО;121;28.02.1992 ;119017, г. Москва, ул.Пятницкая, д.31/2, стр. 1
788;ЦЕРИХ;ЗАО;3278;16.11.1995 ;ОТЗ;302030, г. Орёл, ул. Московская, 29
789;ЦМРБАНК;ООО;3531;28.04.2015 ;127055, г. Москва, ул. Палиха, д. 10, стр. 7
790;ЧАЙНА КОНСТРАКШН БАНК;ООО;3515;04.03.2013 ;101000, г. Москва, пр. Лубянский, д. 11/1, стр. 1
791;ЧАЙНАСЕЛЬХОЗБАНК;ООО;3529;25.09.2014 ;125047, г. Москва, ул. Лесная, д. 5
792;НКО;ЧАСТНЫЙ РКЦ;АО;3420-К;05.09.2002 ;ОТЗ;115093, г. Москва, улица Большая Серпуховская, дом 31, корпус 14
793;ЧЕЛИНДБАНК;ПАО;485;16.10.1990 ;454091, г.Челябинск, ул.К.Маркса, 80
794;ЧЕЛЯБИНВЕСТБАНК;ПАО;493;17.10.1990 ;454113, г.Челябинск, пл.Революции, 8
795;ЧУВАШКРЕДИТПРОМБАНК;ПАО;1280;24.12.1990 ;ОТЗ;428018, Чувашская Республика, г.Чебоксары, Проспект Московский,3
796;ЭЙЧ-ЭС-БИ-СИ БАНК (РР);ООО;3290;23.04.1996 ;115054, г. Москва, Павелецкая площадь, дом 2, строение 2
797;ЭКО-ИНВЕСТ;ООО;3116;10.10.1994 ;109240, г. Москва, ул. Верхняя Радищевская, д.18, стр.2
798;ЭКОНОМБАНК;АО;1319;29.12.1990 ;410031, г.Саратов, ул.Радищева, 28
799;ЭКОНОМИЧЕСКИЙ СОЮЗ;АО;2798;19.04.1994 ;ОТЗ;125252, г. Москва, ул. Алабяна, д. 13, корп. 1
800;ЭКОПРОМБАНК;ОАО;2011;17.08.1992 ;ОТЗ;614000, г. Пермь, ул. Екатерининская, 120
801;ЭКСИ-БАНК;АО;2530;14.10.1993 ;197376, Санкт-Петербург, ул. Профессора Попова, д. 23
802;ЭКСПЕРТ БАНК;АО;2949;29.06.1994 ;ОТЗ;644046, г.Омск, ул. Маршала Жукова, дом № 107
803;ЭКСПОБАНК;ООО;2998;27.07.1994 ;107078, г. Москва, ул. Каланчевская, д. 29, стр. 2
804;ЭКСПРЕСС;ОАО;3084;06.09.1994 ;ОТЗ;367000, Республика Дагестан, г. Махачкала, ул. Абубакарова, 92
805;ЭКСПРЕСС-ВОЛГА;АО;3085;06.09.1994 ;156000, г. Кострома, проспект Текстильщиков, д. 46
806;ЭКСПРЕСС-КРЕДИТ;АО;210;30.09.1991 ;ОТЗ;105037, г. Москва, ул.3-я Прядильная, д.3
807;ЭЛ БАНК;ООО;1025;29.11.1990 ;ОТЗ;445037, Самарская область, г. Тольятти, Новый проезд, д. 8
808;НКО;ЭЛЕКСНЕТ;АО;3314-К;30.06.1992 ;123557, г. Москва, Электрический пер., д.3/10, стр.1
809;НКО;ЭЛЕКТРОННЫЙ ПЛАТЕЖНЫЙ СЕРВИС;ООО;3509-К;27.06.2012 ;115093, г. Москва, ул. Павловская, д. 7, стр. 1
810;ЭЛИТА;ООО;1399;06.03.1991 ;248000, г. Калуга, ул. Московская, д. 6
811;НКО;ЭЛПЛАТ;ООО;3535-К;25.07.2016 ;426009, г. Ижевск, ул. Совхозная, дом 34
812;ЭЛЬБИН;АО;2267;29.01.1993 ;ОТЗ;367000, Республика Дагестан, г. Махачкала, ул. Батырая, д.56
813;ЭМ-Ю-ЭФ-ДЖИ БАНК (ЕВРАЗИЯ);АО;3465;29.05.2006 ;125009, г. Москва, Романов переулок, д. 4, стр. 2
814;ЭНЕРГОБАНК;АО;67;30.10.1991 ;420111, Республика Татарстан, г.Казань, ул.Пушкина, д.13/52
815;НКО;ЭНЕРГОБИЗНЕС;ООО;3485-К;24.06.2008 ;ОТЗ;105120, г. Москва, 3-й Сыромятнический пер., д. 3/9, стр. 1
816;ЭНЕРГОМАШБАНК;ПАО;52;03.12.1991 ;197110, Российская Федерация, г. Санкт-Петербург, ул. Петрозаводская, д. 11, лит. А.
817;ЭНЕРГОТРАНСБАНК;АО;1307;27.12.1990 ;236016, г. Калининград, ул. Клиническая , д.83"А"
818;ЭРГОБАНК;ООО;2856;17.05.1994 ;ОТЗ;109012 г. Москва, Старопанский переулок, дом. 4, строения 1,2
819;ЭС-БИ-АЙ БАНК;ООО;3185;26.12.1994 ;125315, г. Москва, Ленинградский проспект, д. 72, корп. 2, корп. 4
820;ЭСИДБАНК;ООО;1991;29.07.1992 ;ОТЗ;367000, Республика Дагестан, г. Махачкала, ул. Коркмасова, 45
821;Ю БИ ЭС БАНК;ООО;3463;09.03.2006 ;115054, г. Москва, Павелецкая пл., д. 2, стр. 2
822;ЮГ-ИНВЕСТБАНК;ОАО;2772;05.04.1994 ;350000, г. Краснодар, ул. Красная, 113
823;ЮГРА;ПАО;880;22.11.1990 ;ОТЗ;101000, г. Москва, Лубянский проезд, д. 27/1, строение 1
824;ЮЖНЫЙ РЕГИОНАЛЬНЫЙ БАНК;ООО;3015;03.08.1994 ;ОТЗ;344006, г. Ростов-на-Дону, ул. Пушкинская, 144-а
825;ЮЖНЫЙ ТОРГОВЫЙ БАНК;ОАО;2478;31.08.1993 ;ОТЗ;344006, г. Ростов-на-Дону, ул. Большая Садовая, 77/24
826;ЮМК БАНК;ООО;3495;12.05.2009 ;350080, г. Краснодар, ул. Уральская, 95
827;ЮНИКОР;ОАО;2586;25.11.1993 ;ОТЗ;129515, г. Москва, ул. 1-я Останкинская, д. 26
828;ЮНИКРЕДИТ БАНК;АО;1;15.11.1991 ;119034, г. Москва, Пречистенская набережная, д.9
829;ЮНИСТРИМ;АО;3467;31.05.2006 ;127083, г. Москва, ул. Верхняя Масловка, д. 20, стр. 2
830;НКО;ЯНДЕКС.ДЕНЬГИ;ООО;3510-К;02.08.2012 ;115035, город Москва, Садовническая улица, дом 82, строение 2
831;ЯРИНТЕРБАНК;ООО;2564;01.11.1993 ;150000, г.Ярославль, ул.Собинова, д.30